"actorvial","prioridad","cod","concesion","corredor","entidad","idproy","id_mt","codvia","codpri","codprf","codsegpri","codsegprf","pasourbano","xi","yi","xf","yf","shape_leng"
"Moto","1","34896","IP - Nueva Malla Vial del Valle del Cauca","Yumbo - Yotoco - Buga","ANI","1100","5G001","2301","11","12","230111","230112","1","-76.4863568034","3.57906299157","-76.4859081194999","3.57615710067","330.437366112999"
"Moto","2","35613","IP - Nueva Malla Vial del Valle del Cauca","Santander de Quilichao-Candelaria","ANI","5","5G001","2504A","35","36","2504A35","2504A36","1","-76.3497785771999","3.41555702937","-76.3510122766","3.41050937467","587.579050897999"
"Moto","3","19085",,"El Hatillo - Girardota - Copacabana - Bello - Medellín","DEPTO","1218","0",,"0","0",,,"1","-75.5255807844","6.34525428658","-75.5265195419","6.3450458332","107.078456506999"
"Moto","4","15279",,,"DEPTO","1229","0","45AST08","11","12","45AST0811","45AST0812","1","-73.1662142969999","7.09911953237","-73.1687504836999","7.09061947065","994.663574066"
"Moto","5","27941","Villavicencio - Yopal","Villavicencio - Yopal","ANI","54","4G020","6511","7","8","65117","65118","1","-72.9337874744999","4.61613333075","-72.9269963420999","4.60988252599","1030.00901165"
"Moto","6","11003","Córdoba – Sucre","Planeta Rica - Sincelejo","ANI","14","3G006",,"0","0",,,"1","-75.3880644358","9.29098276583","-75.3964368318","9.28434783376999","1195.38371247"
"Moto","7","190",,"Ciénaga-Santa Marta","DEPTO","118","0",,"0","0",,,"1","-74.1602539382","11.2234359957999","-74.1635344549","11.2145446067","1128.91047236999"
"Moto","8","27068",,"Variante Pereira","INVIAS-OTROS","1156","0","29RSC","9","10","29RSC9","29RSC10","0","-75.6918464449999","4.83593125304","-75.6977094816","4.83137451842","963.770682788"
"Moto","9","11674","Córdoba – Sucre","Montería-La Ye","ANI","89","3G006",,"0","0",,,"0","-75.8367046741","8.82804681841","-75.8373555834999","8.8269727973","141.329000557999"
"Moto","10","19077",,"El Hatillo - Girardota - Copacabana - Bello - Medellín","DEPTO","1218","0",,"0","0",,,"1","-75.517543691","6.34935831146","-75.5217921201","6.34659808083","570.813046451999"
"Moto","11","40020",,"Tumaco-Pedregal","INVIAS-OTROS","55","0","1001","60","61","100160","100161","0","-78.5722589317","1.40323224217","-78.5637003119999","1.39819903161","1106.53872438"
"Moto","12","27060",,"Variante Pereira","INVIAS-OTROS","1156","0","29RSC","7","8","29RSC7","29RSC8","0","-75.7062085872999","4.82865096013","-75.7124113115999","4.82530601826","1001.6771569"
"Moto","13","19086",,"El Hatillo - Girardota - Copacabana - Bello - Medellín","DEPTO","1218","0",,"0","0",,,"1","-75.505705655","6.35211571708","-75.5111995279","6.35060601439","638.471466186"
"Moto","14","36053","IP - Nueva Malla Vial del Valle del Cauca","Santander de Quilichao-Candelaria","ANI","5","5G001","2504A","35","36","2504A35","2504A36","1","-76.3510122766","3.41050937467","-76.3515632022999","3.40584354957","525.173519656"
"Moto","15","12982",,"Hoyórrico - Caucasia","INVIAS-OTROS","1220","0","2512","62","63","251262","251263","1","-75.2008323336","7.98857190115","-75.2023371017999","7.97930919247","1058.97703993"
"Moto","16","809","Córdoba – Sucre","Montería-La Ye","ANI","89","3G006",,"0","0",,,"0","-75.8375243458999","8.82667108693","-75.84284384","8.81865736465","1079.76430456"
"Moto","17","12967","Autopistas al Mar 2","Chigorodó-Turbo","ANI","20","4G026","6201","16","17","620116","620117","0","-76.6404224591999","8.00436302560999","-76.6376063133999","7.99483275324","1116.94939793"
"Moto","18","37814",,,"INVIAS-OTROS","1589","0","2001","57","58","200157","200158","0","-76.639558417","2.45524225253","-76.6472295714","2.45705373463","999.790086623999"
"Moto","19","38800",,"Florencia - Guayabal - Altamira","INVIAS-OTROS","1013","0","2003A","7","8","2003A7","2003A8","0","-75.7973003948","1.97176607727","-75.799306344","1.96320797082","1006.9524499"
"Moto","20","8311","Puerta de Hierro – Palmar de Varela y Carreto – Cruz del Viso","Carreto - Barranquilla","ANI","17","4G018","2516","45","46","251645","251646","0","-74.7592108055","10.637561328","-74.761275087","10.6290923721","1021.82450348999"
"Moto","21","35281","IP - Nueva Malla Vial del Valle del Cauca","Cali - Palmira","ANI","1590","5G001","2505","8","9","25058","25059","0","-76.4073563139999","3.50875239943","-76.4160741243999","3.50691008079","992.062654128999"
"Moto","22","33731",,"Buga- La Victoria","DEPTO","7","0","2505","74","75","250574","250575","0","-76.2731379373999","3.95141481737","-76.2776369330999","3.94366701827","1007.66716823"
"Moto","23","41624",,"Aguazul-Maní","DEPTO","83","0",,"0","0",,,"0","-72.5302474087","5.15690789332","-72.5381562959999","5.16165289603","1027.86966159999"
"Moto","24","35967",,"Palmira - El Palo","INVIAS-OTROS","1052","0","3105","68","69","310568","310569","1","-76.2434892657999","3.4218267647","-76.2422343564","3.42032153304","219.238858975999"
"Moto","25","19398","Desarrollo Vial del Oriente de Medellín – DEVIMED","Medellín - Santuario","ANI","1212","1G009","6004","15","16","600415","600416","0","-75.4749743100999","6.32654683367","-75.4671315748999","6.32296397066","987.675886329"
"Moto","26","19401","Desarrollo Vial del Oriente de Medellín – DEVIMED","Medellín - Santuario","ANI","1212","1G009","6004","12","13","600412","600413","0","-75.4903911363","6.31842006511","-75.4899458745999","6.32723753707","996.048912102"
"Moto","27","2029",,"Barbosa - Bucaramanga","INVIAS-OTROS","42","0","45A07","83","84","45A0783","45A0784","0","-73.0652637545999","7.02578590586","-73.0601151106999","7.02039770917","836.684650927"
"Moto","28","28054","Bogotá – La Vega – Villeta (BVLPV)",,"ANI","1148","1G002","5008","144","145","5008144","5008145","1","-74.1305663196","4.7327463166","-74.1245872376999","4.72582222853","1021.2258249"
"Moto","29","19405","Desarrollo Vial del Oriente de Medellín – DEVIMED","Medellín - Santuario","ANI","1212","1G009","6004","0","1","60040","60041","1","-75.5551017969","6.30964490076","-75.5483294953999","6.3147762088","1021.94892938999"
"Moto","30","2030",,"Barbosa - Bucaramanga","INVIAS-OTROS","42","0","45A07","82","83","45A0782","45A0783","0","-73.0601151106999","7.02039770917","-73.0556026067","7.01123349003","1167.73771704999"
"Moto","31","13240",,"El Zulia-Cúcuta","INVIAS-OTROS","100","0","7009","58","59","700958","700959","0","-72.5936569331999","7.93209598013","-72.5873877508","7.93004759197","741.133345182999"
"Moto","32","19383","Desarrollo Vial del Oriente de Medellín – DEVIMED","Medellín - Santuario","ANI","1212","1G009","6004","6","7","60046","60047","0","-75.5229078809999","6.32865402581","-75.5151001903","6.32796112575","987.070390109999"
"Moto","33","32909",,"Buga- La Victoria","DEPTO","7","0","2505","99","100","250599","2505100","0","-76.1805890947999","4.14108961443","-76.1813000814999","4.13239873927","987.857053493999"
"Moto","34","6320",,"Palermo-Neiva","DEPTO","150","0",,"0","0",,,"0","-75.4219452636999","2.88962066368","-75.4099649254","2.888431232","1349.46202913999"
"Moto","35","10597",,"Puerta del Hierro-Magangué","INVIAS-OTROS","91","0","7802","61","62","780261","780262","0","-74.770573572","9.25528530077","-74.7632959194999","9.24951793534999","1041.23245167"
"Moto","36","34706","IP - Nueva Malla Vial del Valle del Cauca","Yumbo - Yotoco - Buga","ANI","1100","5G001","2301","13","14","230113","230114","1","-76.482824887","3.59669688618","-76.4833561364","3.58774464796","1048.26029192999"
"Moto","37","2025",,"Barbosa - Bucaramanga","INVIAS-OTROS","42","0","45A07","87","88","45A0787","45A0788","1","-73.0852811716","7.05726865041","-73.0782189157999","7.04593445371","1607.00570784999"
"Moto","38","12966","Autopistas al Mar 2","Chigorodó-Turbo","ANI","20","4G026","6201","17","18","620117","620118","0","-76.6376063133999","7.99483275324","-76.6354430218","7.98698019646","920.889840443"
"Moto","39","9856","Ruta del Sol 3","Bosconia - Cienaga","ANI","33","3G012","4516","55","56","451655","451656","0","-73.7122628744999","9.74256098215","-73.7098455529","9.74003009766999","392.734581073"
"Moto","40","11006","Córdoba – Sucre","Planeta Rica - Sincelejo","ANI","14","3G006",,"0","0",,,"0","-75.3964368318","9.28434783376999","-75.4015190344999","9.28055503226","709.687575588999"
"Moto","41","1118","Autopistas al Mar 2","Turbo - Necocli","ANI","21","4G026","9001","1","2","90011","90012","0","-76.7271183896999","8.11148120318999","-76.7312497908999","8.10364020301","1186.78474722"
"Moto","42","31208","Armenia -Pereira - Manizales","La Paila - Calarcá","ANI","62","1G010","4002","37","38","400237","400238","1","-75.7926262056","4.45595144136","-75.8000471339999","4.45215756287","952.489973787"
"Moto","43","18891",,"El Hatillo - Girardota - Copacabana - Bello - Medellín","DEPTO","1218","0",,"0","0",,,"0","-75.4229115124999","6.4089402424","-75.4341296142","6.39867434537","1700.58228213999"
"Moto","44","36469","IP - Nueva Malla Vial del Valle del Cauca","Santander de Quilichao-Candelaria","ANI","5","5G001","2504A","4","5","2504A4","2504A5","0","-76.442046054","3.19628011688","-76.4469601848999","3.18900833434","979.606683897"
"Moto","45","33238",,"Granada - Villavicencio","DEPTO","53","0",,"0","0",,,"1","-73.6545177895","4.10938876154","-73.6597629008","4.09947144085","1253.90618689"
"Moto","46","39670",,"Tumaco-Pedregal","INVIAS-OTROS","55","0","1001","24","25","100124","100125","0","-78.7482087689","1.66376464079","-78.7439616992","1.65573986663","1011.66206251"
"Moto","47","32904",,"Buga- La Victoria","DEPTO","7","0","2505","98","99","250598","250599","0","-76.1813000814999","4.13239873927","-76.1785505202","4.12462313067","1019.23130017999"
"Moto","48","36105","IP - Nueva Malla Vial del Valle del Cauca","Santander de Quilichao-Candelaria","ANI","5","5G001","2504A","32","33","2504A32","2504A33","0","-76.3531958104999","3.38900294967","-76.3525235018999","3.37987075172","1022.66285912"
"Moto","49","5327","IP Malla Vial del Meta","Villavicencio-Puente Arimena","ANI","73","4G012","4008","0","1","40080","40081","1","-72.9589128055999","4.08898198171","-72.9645938964","4.08395340293","852.221826322999"
"Moto","50","41613",,"Aguazul-Maní","DEPTO","83","0",,"0","0",,,"0","-72.4561049284999","5.09719675533","-72.4650239385999","5.09882306166","1027.86966159"
"Moto","51","647","Córdoba – Sucre","Sincelejo - Toluviejo","ANI","1264","3G006",,"0","0",,,"1","-75.4128645575","9.30126144135999","-75.4117850707999","9.28256561114","2159.12783166999"
"Moto","52","17978",,"Cimitarra-Landázuri","INVIAS-OTROS","76","0","6207","30","31","620730","620731","1","-73.9500334206999","6.32294392896","-73.9479254392","6.31402327021","1104.97261815"
"Moto","53","39314","Santana - Mocoa - Neiva","Isnos-Paletará","ANI","170","4G022","2002","138","139","2002138","2002139","0","-76.1492798026","1.85593333132","-76.1392356160999","1.85660525298","1124.75045629999"
"Moto","54","6688",,,"OTRO","0","0",,"0","0",,,"0","-76.0628780668999","1.83183816248","-76.0576840078","1.82473558951","1142.55604678999"
"Moto","55","35236",,"Palmira - El Palo","INVIAS-OTROS","1052","0","3105","70","71","310570","310571","0","-76.2455541448999","3.43213123394","-76.2464045968","3.42536642228","762.636244281"
"Moto","56","35965",,"Palmira - El Palo","INVIAS-OTROS","1052","0","3105","68","69","310568","310569","1","-76.2440808407999","3.42121491514","-76.2377089039","3.41279187593","1185.57718049"
"Moto","57","16182",,"Barbosa - Bucaramanga","INVIAS-OTROS","42","0","45A07","73","75","45A0773","45A0775","0","-73.0324174566","6.95913859089","-73.0247492663","6.9482034107","1980.22831285999"
"Moto","58","19393","Desarrollo Vial del Oriente de Medellín – DEVIMED","Medellín - Santuario","ANI","1212","1G009","6004","2","3","60042","60043","0","-75.5446880877999","6.32215331045","-75.5360316504","6.32354035649","1006.93138498999"
"Moto","59","13839","Autopistas al Mar 2","Chigorodó-Turbo","ANI","20","4G026","6201","52","53","620152","620153","0","-76.6753611725","7.68787900007","-76.677099964","7.67905556072","1010.64373502"
"Moto","60","12874","Autopistas al Mar 2","Chigorodó-Turbo","ANI","20","4G026","6201","10","11","620110","620111","0","-76.6560943186999","8.05613088764999","-76.6532872041999","8.04754813832","1015.01784723"
"Moto","61","2032",,"Barbosa - Bucaramanga","INVIAS-OTROS","42","0","45A07","79","80","45A0779","45A0780","1","-73.0480574181","6.99435050798","-73.0425419399","6.98838354965","917.609395184"
"Moto","62","6050","IP - Nueva Malla Vial del Valle del Cauca",,"ANI","0","5G001",,"0","0",,,"0","-76.4443552954","3.41124224927","-76.4334385683","3.41233130032","1227.15234867999"
"Moto","63","5326","IP Malla Vial del Meta","Villavicencio-Puente Arimena","ANI","73","4G012","4008","1","2","40081","40082","1","-72.9495645204","4.09537087846","-72.9589128055999","4.08898198171","1269.68768705999"
"Moto","64","33240",,"Granada - Villavicencio","DEPTO","53","0",,"0","0",,,"1","-73.6466908450999","4.11752059912","-73.6545177895","4.10938876154","1272.35234311999"
"Moto","65","19402","Desarrollo Vial del Oriente de Medellín – DEVIMED","Medellín - Santuario","ANI","1212","1G009","6004","11","12","600411","600412","0","-75.4971612636999","6.31483059273","-75.4903911363","6.31842006511","978.185102148"
"Moto","66","37737",,"Pasto-Popayán","INVIAS-OTROS","3","0","25CCB","4","5","25CCB4","25CCB5","0","-76.6355798445","2.46226479644","-76.6395315606","2.45524283623","978.389860691999"
"Moto","67","41623",,"Aguazul-Maní","DEPTO","83","0",,"0","0",,,"0","-72.5230959929999","5.15114825444","-72.5302474087","5.15690789332","1027.86966157999"
"Moto","68","35282","IP - Nueva Malla Vial del Valle del Cauca","Cali - Palmira","ANI","1590","5G001","2505","7","8","25057","25058","0","-76.4160741243999","3.50691008079","-76.4251128798999","3.50497563888","1029.09408940999"
"Moto","69","19400","Desarrollo Vial del Oriente de Medellín – DEVIMED","Medellín - Santuario","ANI","1212","1G009","6004","13","14","600413","600414","0","-75.4899458745999","6.32723753707","-75.4831266573","6.32786896675","1048.0116653"
"Moto","70","11065","Córdoba – Sucre","Planeta Rica - Sincelejo","ANI","14","3G006","2514","112","113","2514112","2514113","0","-75.4106757578","9.25860219589","-75.414061915","9.2511832427","947.487651716999"
"Moto","71","5855","IP  –  Neiva – Espinal - Girardot","Neiva-Girardot","ANI","27","4G017","4506","39","40","450639","450640","0","-75.2462679239","3.28171000069","-75.2513372317","3.27115477704","1444.6962808"
"Moto","72","645","Córdoba – Sucre","Sincelejo - Toluviejo","ANI","1264","3G006",,"0","0",,,"1","-75.4126962633","9.30778427787","-75.4128645575","9.30126144135999","737.257550769999"
"Moto","73","11001","Córdoba – Sucre","Planeta Rica - Sincelejo","ANI","14","3G006",,"0","0",,,"1","-75.3871950818","9.29166875704","-75.3880644358","9.29098276583","123.907925309"
"Moto","74","11023",,"Aguachica  - San Roque","INVIAS-OTROS","31","0","4515","76","77","451576","451577","1","-73.5379101754","9.20354007046","-73.5504641530999","9.19912627359999","1499.68123259999"
"Moto","75","40016",,"Tumaco-Pedregal","INVIAS-OTROS","55","0","1001","64","65","100164","100165","0","-78.5396784623","1.38911731749","-78.5307162607","1.38854687096","1003.66193783999"
"Moto","76","35301","IP - Nueva Malla Vial del Valle del Cauca","Cali - Palmira","ANI","1590","5G001","2505","2","3","25052","25053","0","-76.4599714417999","3.49691981151","-76.4684948361","3.4940383316","1004.9881963"
"Moto","77","40015",,"Tumaco-Pedregal","INVIAS-OTROS","55","0","1001","65","66","100165","100166","0","-78.5307162607","1.38854687096","-78.5218416878","1.39019728456","1013.01059625"
"Moto","78","11073",,"Lorica - Chinú","INVIAS-OTROS","1263","0","7801","9","10","78019","780110","1","-75.7314045037","9.24117492673999","-75.7222872483999","9.24130560719","1016.67300953999"
"Moto","79","17980",,"Puerto Araújo-Cimitarra","INVIAS-OTROS","75","0","6207","29","30","620729","620730","1","-73.9529095583999","6.33115140934","-73.9500334206999","6.32294392896","1019.25932195999"
"Moto","80","11103",,"Lorica - Chinú","INVIAS-OTROS","1263","0","7801","18","19","780118","780119","0","-75.6528454028999","9.23803684421","-75.6443134595999","9.23440056059","1035.18068938999"
"Moto","81","12983",,"Hoyórrico - Caucasia","INVIAS-OTROS","1220","0","2512","61","62","251261","251262","1","-75.2023371017999","7.97930919247","-75.2026948874","7.97458489345","533.809973463999"
"Moto","82","2031",,"Barbosa - Bucaramanga","INVIAS-OTROS","42","0","45A07","80","81","45A0780","45A0781","1","-73.0546583457","7.00242413356","-73.0480574181","6.99435050798","1175.10350683"
"Moto","83","6841",,,"OTRO","0","0",,"0","0",,,"0","-76.5246148664","0.525506828515","-76.5113506810999","0.518415767248","1810.10928005"
"Moto","84","35250","IP - Nueva Malla Vial del Valle del Cauca","Cali - Palmira","ANI","1590","5G001","2505","16","17","250516","250517","0","-76.3459850664","3.52282184849","-76.3376349395","3.52450405019","948.357104804999"
"Moto","85","19208",,"El Hatillo - Girardota - Copacabana - Bello - Medellín","DEPTO","1218","0","6004","0","0","6004","6004","1","-75.5553102893999","6.31850498476","-75.5558316478","6.31287565186","637.631476565999"
"Moto","86","12691","Autopistas al Mar 2","Chigorodó-Turbo","ANI","20","4G026","6201","0","1","62010","62011","0","-76.7282672735999","8.09523883706","-76.7200507719999","8.09812135218","971.38440703"
"Moto","87","17697",,"Barbosa - Bucaramanga","INVIAS-OTROS","42","0","45A06","118","120","45A06118","45A06120","0","-73.1735161519","6.53798731385","-73.184539798","6.52737380999","1970.10339636999"
"Moto","88","19385","Desarrollo Vial del Oriente de Medellín – DEVIMED","Medellín - Santuario","ANI","1212","1G009","6004","4","5","60044","60045","0","-75.5302608379","6.31730477655","-75.5261057847999","6.323314638","988.552957659999"
"Moto","89","27061",,"Variante Pereira","INVIAS-OTROS","1156","0","29RSC","6","7","29RSC6","29RSC7","0","-75.7124113115999","4.82530601826","-75.7201180652999","4.8235368266","992.699628961"
"Moto","90","19399","Desarrollo Vial del Oriente de Medellín – DEVIMED","Medellín - Santuario","ANI","1212","1G009","6004","14","15","600414","600415","0","-75.4831266573","6.32786896675","-75.4749743100999","6.32654683367","993.581274356999"
"Moto","91","18777",,"Barbosa - Bucaramanga","INVIAS-OTROS","42","0","45A06","32","33","45A0632","45A0633","0","-73.4952316287999","6.04546118906","-73.5025024748999","6.04115924632","999.789055071999"
"Moto","92","27067",,"Variante Pereira","INVIAS-OTROS","1156","0","29RSC","10","11","29RSC10","29RSC11","0","-75.6838424363999","4.83910164313","-75.6918464449999","4.83593125304","1000.64087674999"
"Moto","93","33827","IP - Nueva Malla Vial del Valle del Cauca","Yumbo - Yotoco - Buga","ANI","1100","5G001","2301","51","52","230151","230152","0","-76.3754209102","3.88045253539","-76.3771364212999","3.87167824902","1008.69745941999"
"Moto","94","6319",,"Palermo-Neiva","DEPTO","150","0",,"0","0",,,"0","-75.4099649254","2.888431232","-75.3957903323999","2.88773432704","1683.72805622"
"Moto","95","12965","Autopistas al Mar 2","Chigorodó-Turbo","ANI","20","4G026","6201","18","19","620118","620119","0","-76.6354430218","7.98698019646","-76.6328708374999","7.97832927639","1014.55489978"
"Moto","96","11845","IP – Antioquia – Bolívar","Arboletes-Montería","ANI","101","4G016","7401","62","63","740162","740163","1","-75.8943619307","8.76257459903","-75.8962519916999","8.75416986727","1019.41553645999"
"Moto","97","41614",,"Aguazul-Maní","DEPTO","83","0",,"0","0",,,"0","-72.4650239385999","5.09882306166","-72.4736279317999","5.09973976063","1027.86966159"
"Moto","98","33730",,"Buga- La Victoria","DEPTO","7","0","2505","75","76","250575","250576","0","-76.2672226585","3.95834934879","-76.2731379373999","3.95141481737","1033.66713011"
"Moto","99","34707","IP - Nueva Malla Vial del Valle del Cauca","Yumbo - Yotoco - Buga","ANI","1100","5G001","2301","12","13","230112","230113","1","-76.4833561364","3.58774464796","-76.4863568034","3.57906299157","1043.01746064999"
"Moto","100","5701",,,"OTRO","0","0",,"0","0",,,"0","-75.0080246068","3.91027620131","-75.0012547477","3.89342281244","2149.91390226"
"Moto","101","19087",,"El Hatillo - Girardota - Copacabana - Bello - Medellín","DEPTO","1218","0",,"0","0",,,"1","-75.5111995279","6.35060601439","-75.517543691","6.34935831146","720.666394202999"
"Moto","102","12328",,,"INVIAS-OTROS","1249","0","70NS01","6","7","70NS016","70NS017","0","-73.3509535873999","8.32926513412","-73.3555411675999","8.32270306897999","1013.86979545999"
"Moto","103","36059",,,"OTRO","0","0",,"0","0",,,"1","-76.3446224351999","3.40780648958","-76.3429206287","3.40710432985","205.158011950999"
"Moto","104","19384","Desarrollo Vial del Oriente de Medellín – DEVIMED","Medellín - Santuario","ANI","1212","1G009","6004","5","6","60045","60046","0","-75.5261057847999","6.323314638","-75.5229078809999","6.32865402581","927.071751103999"
"Moto","105","19162",,"El Hatillo - Girardota - Copacabana - Bello - Medellín","DEPTO","1218","0",,"0","0",,,"1","-75.5444067351999","6.33800012472","-75.5447318444","6.33384608634","467.201056992"
"Moto","106","35234",,"Palmira - El Palo","INVIAS-OTROS","1052","0","3105","72","73","310572","310573","0","-76.2431708658999","3.44972267915","-76.2443603859999","3.44107077142","976.485993284999"
"Moto","107","6318",,"Palermo-Neiva","DEPTO","150","0",,"0","0",,,"0","-75.3957903323999","2.88773432704","-75.3784323922999","2.88582846961","2940.54510041999"
"Moto","108","12981",,"Hoyórrico - Caucasia","INVIAS-OTROS","1220","0","2512","63","64","251263","251264","1","-75.2017023725999","7.99540658855","-75.2008323336","7.98857190115","982.679843874999"
"Moto","109","25053","Autopista Conexión Pacífico 3","Manizales-La Felisa","ANI","156","4G004","50CL02","1","2","50CL021","50CL022","0","-75.652294123","5.10432363831","-75.6521542108","5.09571973622","985.942534106"
"Moto","110","6044",,,"OTRO","0","0",,"0","0",,,"0","-76.2496725267999","3.41867814431","-76.2560973511999","3.42048924326","743.709691343"
"Moto","111","15681",,"Barbosa - Bucaramanga","INVIAS-OTROS","42","0","45A07","78","79","45A0778","45A0779","0","-73.0425419399","6.98838354965","-73.0455568728","6.98039358529","1005.20250817999"
"Moto","112","40017",,"Tumaco-Pedregal","INVIAS-OTROS","55","0","1001","63","64","100163","100164","0","-78.5481272586","1.39224467213","-78.5396784623","1.38911731749","1008.16727088"
"Moto","113","19389","Desarrollo Vial del Oriente de Medellín – DEVIMED","Medellín - Santuario","ANI","1212","1G009","6004","23","24","600423","600424","1","-75.4384190752","6.27112515989","-75.4385710348999","6.26240762322","1009.4376548"
"Moto","114","19403","Desarrollo Vial del Oriente de Medellín – DEVIMED","Medellín - Santuario","ANI","1212","1G009","6004","10","11","600410","600411","0","-75.5032684900999","6.31411230394","-75.4971612636999","6.31483059273","1010.81409066"
"Moto","115","12681","Autopistas al Mar 2","Turbo - Necocli","ANI","21","4G026","9001","0","1","90010","90011","0","-76.7312497908999","8.10364020301","-76.7283026602","8.0952400397","1012.74508392999"
"Moto","116","16312",,,"INVIAS-OTROS","1226","0","6515","109","110","6515109","6515110","0","-71.7953144670999","6.85611841237","-71.7925019674","6.84752268474","1013.88917690999"
"Moto","117","13840","Autopistas al Mar 2","Chigorodó-Turbo","ANI","20","4G026","6201","51","52","620151","620152","0","-76.6733735356999","7.69669416292","-76.6753611725","7.68787900007","1014.63734610999"
"Moto","118","33618",,,"INVIAS-OTROS","1104","0","3603","13","14","360313","360314","0","-75.14187062","3.95672458844","-75.1461150224999","3.94896681043","1015.17793416999"
"Moto","119","15680",,"Barbosa - Bucaramanga","INVIAS-OTROS","42","0","45A07","81","82","45A0781","45A0782","1","-73.0556026067","7.01123349003","-73.0546583457","7.00242413356","1018.94388907999"
"Moto","120","9855","Ruta del Sol 3","Bosconia - Cienaga","ANI","33","3G012","4516","56","57","451656","451657","0","-73.7183739394999","9.74934005543999","-73.7122628744999","9.74256098215","1024.43100189"
"Moto","121","37808",,"Pasto-Popayán","INVIAS-OTROS","3","0","25CCB","3","4","25CCB3","25CCB4","0","-76.6395315606","2.45524283623","-76.6347576953999","2.44819217025","1024.44314437999"
"Moto","122","8310","Puerta de Hierro – Palmar de Varela y Carreto – Cruz del Viso","Carreto - Barranquilla","ANI","17","4G018","2516","46","47","251646","251647","1","-74.7609375792","10.64644999","-74.7592108055","10.637561328","1025.21178865999"
"Moto","123","19207",,"El Hatillo - Girardota - Copacabana - Bello - Medellín","DEPTO","1218","0",,"0","0",,,"1","-75.5492357522","6.33180550914","-75.5551484944","6.3190164416","1604.08185892"
"Moto","124","2840",,,"OTRO","0","0",,"0","0",,,"0","-75.299929659","6.18209028179","-75.3085544035999","6.17662592685","2404.67312412"
"Moto","125","13836","Autopistas al Mar 2","Santafé de Antioquía - Chigorodó","ANI","19","4G026","6202","1","2","62021","62022","1","-76.6760848196","7.66508046451","-76.6698079421999","7.65651178413","1208.72662889"
"Moto","126","39669",,"Tumaco-Pedregal","INVIAS-OTROS","55","0","1001","25","26","100125","100126","0","-78.7439616992","1.65573986663","-78.7398648374999","1.64792399806","983.188652478999"
"Moto","127","12329",,,"INVIAS-OTROS","1249","0","70NS01","5","6","70NS015","70NS016","0","-73.3555411675999","8.32270306897999","-73.3551380417","8.31375481437999","1010.97210689999"
"Moto","128","16196",,,"OTRO","0","0",,"0","0",,,"0","-73.0370005069","6.95760227114","-73.0351972948","6.94398070617","2066.67298091"
"Moto","129","34939","IP - Nueva Malla Vial del Valle del Cauca","Yumbo - Yotoco - Buga","ANI","1100","5G001","2301","10","11","230110","230111","1","-76.4855081434999","3.57272620392","-76.4850464459999","3.56939700157","380.053363903999"
"Moto","130","13258",,,"INVIAS-OTROS","172","0","7009A","74","75","7009A74","7009A75","0","-72.5953236996","7.93130450729","-72.5999662937999","7.92665164829","763.101346828"
"Moto","131","7124","Santa Marta - Paraguachón","Santa Marta-Maicao-Paraguachón","ANI","119","1G003","9008","0","1","90080","90081","1","-74.1534280141","11.2257558982999","-74.1602539382","11.2234359957999","805.765698304"
"Moto","132","27942","Villavicencio - Yopal","Villavicencio - Yopal","ANI","54","4G020","6511","6","7","65116","65117","1","-72.9269963420999","4.60988252599","-72.9242843967","4.60733470196","415.459071918999"
"Moto","133","35995","IP - Nueva Malla Vial del Valle del Cauca",,"ANI","0","5G001",,"0","0",,,"0","-76.4524223596","3.41279011391","-76.4443552954","3.41124224927","958.139037411"
"Moto","134","19382","Desarrollo Vial del Oriente de Medellín – DEVIMED","Medellín - Santuario","ANI","1212","1G009","6004","7","8","60047","60048","0","-75.5151001903","6.32796112575","-75.5090313836","6.32310106481","990.703262365999"
"Moto","135","19387","Desarrollo Vial del Oriente de Medellín – DEVIMED","Medellín - Santuario","ANI","1212","1G009","6004","25","26","600425","600426","1","-75.4333649216","6.2552139795","-75.4292089909999","6.2528042565","551.891336419"
"Moto","136","1783",,,"OTRO","0","0",,"0","0",,,"0","-73.8435839976","7.12891314834","-73.8557900219999","7.11481559915","2211.98069617999"
"Moto","137","2024",,"Barbosa - Bucaramanga","INVIAS-OTROS","42","0","45A07","88","89","45A0788","45A0789","1","-73.0898567563999","7.05955062562","-73.0852811716","7.05726865041","574.207030056999"
"Moto","138","34947","IP - Nueva Malla Vial del Valle del Cauca","Yumbo - Yotoco - Buga","ANI","1100","5G001","2301","10","11","230110","230111","1","-76.4850464459999","3.56939700157","-76.4855643862999","3.5636650447","754.161313479"
"Moto","139","36054","IP - Nueva Malla Vial del Valle del Cauca","Santander de Quilichao-Candelaria","ANI","5","5G001","2504A","34","35","2504A34","2504A35","0","-76.3515632022999","3.40584354957","-76.3534895150999","3.39770757216","932.438768599"
"Moto","140","15280",,,"DEPTO","1229","0","45AST08","10","11","45AST0810","45AST0811","1","-73.1687504836999","7.09061947065","-73.1696124401999","7.08209336279","984.198962918999"
"Moto","141","19404","Desarrollo Vial del Oriente de Medellín – DEVIMED","Medellín - Santuario","ANI","1212","1G009","6004","1","2","60041","60042","0","-75.5483294953999","6.3147762088","-75.5446880877999","6.32215331045","996.173323099999"
"Moto","142","13017","Autopistas Conexión Norte","Alto de Dolores - Caucasia","ANI","12","4G007","2512","61","62","251261","251262","1","-75.2026948874","7.97458489345","-75.1942653331","7.97213596431","1000.53209006999"
"Moto","143","13246",,"El Zulia-Cúcuta","INVIAS-OTROS","100","0","7009","59","60","700959","700960","0","-72.5873877508","7.93004759197","-72.5788119531","7.92894640126","1002.98845973"
"Moto","144","19386","Desarrollo Vial del Oriente de Medellín – DEVIMED","Medellín - Santuario","ANI","1212","1G009","6004","3","4","60043","60044","0","-75.5360316504","6.32354035649","-75.5302608379","6.31730477655","1005.32881640999"
"Moto","145","38799",,"Florencia - Guayabal - Altamira","INVIAS-OTROS","1013","0","2003A","8","9","2003A8","2003A9","0","-75.799306344","1.96320797082","-75.8011746087999","1.95437250827","1007.62541999999"
"Moto","146","19397","Desarrollo Vial del Oriente de Medellín – DEVIMED","Medellín - Santuario","ANI","1212","1G009","6004","16","17","600416","600417","0","-75.4671315748999","6.32296397066","-75.463605368","6.31622459792","1009.94771481999"
"Moto","147","8045","Ruta Caribe","Barranquilla - Malambo - Palmar de Varela","ANI","1296","3G008","2516","70","71","251670","251671","1","-74.7707376885999","10.8525262011","-74.7703916372","10.8435058948","1028.78484503999"
"Moto","148","35612","IP - Nueva Malla Vial del Valle del Cauca","Candelaria-Buga","ANI","6","5G001","2504A","36","37","2504A36","2504A37","1","-76.3497798605999","3.42479027278","-76.3497785771999","3.41555702937","1056.589044"
"Moto","149","8312","Puerta de Hierro – Palmar de Varela y Carreto – Cruz del Viso","Carreto - Barranquilla","ANI","17","4G018","2516","44","45","251644","251645","0","-74.761275087","10.6290923721","-74.7668153449999","10.6183359782999","1365.74674301999"
"Moto","150","192",,"Ciénaga-Santa Marta","DEPTO","118","0",,"0","0",,,"0","-74.1635344549","11.2145446067","-74.1758115588","11.2062448879","1688.66860509"
"Peaton","1","27303",,"Variante Pereira","INVIAS-OTROS","1156","0","29RS01","7","8","29RS017","29RS018","0","-75.8090083827","4.8112731857","-75.8176136455","4.806519686","1115.78027337999"
"Peaton","2","27300",,"Variante Pereira","INVIAS-OTROS","1156","0","29RS01","5","6","29RS015","29RS016","0","-75.7976360146","4.81310756428","-75.8008579587999","4.81365057552","363.758927174999"
"Peaton","3","5665",,"Buga- La Victoria","DEPTO","7","0","2505","76","77","250576","250577","0","-76.2608123492999","3.96462689514","-76.2672226585","3.95834934879","1007.92511786"
"Peaton","4","19405","Desarrollo Vial del Oriente de Medellín – DEVIMED","Medellín - Santuario","ANI","1212","1G009","6004","0","1","60040","60041","1","-75.5551017969","6.30964490076","-75.5483294953999","6.3147762088","1021.94892938999"
"Peaton","5","8041","Ruta Caribe","Barranquilla - Malambo - Palmar de Varela","ANI","1296","3G008","2516","72","73","251672","251673","1","-74.7722087676","10.8643066493","-74.7707408301999","10.8614972408","358.6401119"
"Peaton","6","18863",,"El Hatillo - Girardota - Copacabana - Bello - Medellín","DEPTO","1218","0",,"0","0",,,"0","-75.3913725772","6.41967392872","-75.3922484346","6.41960697753","98.5914285440999"
"Peaton","7","39670",,"Tumaco-Pedregal","INVIAS-OTROS","55","0","1001","24","25","100124","100125","0","-78.7482087689","1.66376464079","-78.7439616992","1.65573986663","1011.66206251"
"Peaton","8","10938","Córdoba – Sucre","Sincelejo - Carreto","ANI","15","3G006","2515","8","9","25158","25159","1","-75.2913895526999","9.32462393105","-75.3029932804","9.31873130616999","1539.64640516"
"Peaton","9","8971","Ruta Caribe","Sincerin - Arjona - Turbaco - Cartagena","ANI","1274","3G008","9005","90","91","900590","900591","1","-75.4077242712999","10.3312678465999","-75.4051714417999","10.3237825858","973.68126353"
"Peaton","10","33795",,"Buga- La Victoria","DEPTO","7","0","2505","67","68","250567","250568","1","-76.3109154243","3.90348760682","-76.3122709057","3.89517909869","995.141534406"
"Peaton","11","32112","IP  –  Ampliación a Tercer Carril Doble Calzada Bogotá - Girardot","Girardot - Bogotá","ANI","65","4G032","4005","61","62","400561","400562","0","-74.4260983227","4.32008429927","-74.4335948001999","4.31560569362","999.909749581"
"Peaton","12","39651",,"Tumaco-Pedregal","INVIAS-OTROS","55","0","1001","43","44","100143","100144","0","-78.6686949205","1.51293898955","-78.6644904096999","1.50500629571","1000.30749123999"
"Peaton","13","10484","Córdoba – Sucre","Sincelejo - Carreto","ANI","15","3G006","2515","9","10","25159","251510","1","-75.2870883254","9.32437955312","-75.2913895526999","9.32462393105","479.93651727"
"Peaton","14","8042","Ruta Caribe","Barranquilla - Malambo - Palmar de Varela","ANI","1296","3G008","2516","71","72","251671","251672","1","-74.7707408301999","10.8614972408","-74.7716039226999","10.8571924617","508.236584008"
"Peaton","15","34519","IP - Nueva Malla Vial del Valle del Cauca","Candelaria-Buga","ANI","6","5G001","2505","40","41","250540","250541","1","-76.3043744538999","3.68407498213","-76.3008494287","3.67571596958","1035.37745012999"
"Peaton","16","27294",,"Variante Pereira","INVIAS-OTROS","1156","0","29RS01","5","6","29RS015","29RS016","0","-75.7976360146","4.81310756428","-75.7919636295","4.81393959048","638.592729566999"
"Peaton","17","39738",,"Pasto - La Unión - Mercaderes","INVIAS-OTROS","1012","0","2501A","89","90","2501A89","2501A90","1","-77.1306597508999","1.60665017291","-77.1281785792999","1.60077160267","968.875479435999"
"Peaton","18","15279",,,"DEPTO","1229","0","45AST08","11","12","45AST0811","45AST0812","1","-73.1662142969999","7.09911953237","-73.1687504836999","7.09061947065","994.663574066"
"Peaton","19","39679",,"Tumaco-Pedregal","INVIAS-OTROS","55","0","1001","15","16","100115","100116","0","-78.7815001265999","1.73682704767","-78.7800645301999","1.72797927682","1000.45325186"
"Peaton","20","33544",,"Buga- La Victoria","DEPTO","7","0","2505","87","88","250587","250588","0","-76.2066992692","4.04513431626","-76.2104991588","4.03695625846","1006.04435969999"
"Peaton","21","19390","Desarrollo Vial del Oriente de Medellín – DEVIMED","Medellín - Santuario","ANI","1212","1G009","6004","22","23","600422","600423","1","-75.4448256454","6.27694946552","-75.4384190752","6.27112515989","1009.92711458999"
"Peaton","22","11453",,"Aguachica  - San Roque","INVIAS-OTROS","31","0","4515","41","42","451541","451542","1","-73.624116301","8.96299108276999","-73.6249095855","8.95482081535","1011.15850421"
"Peaton","23","1899",,,"DEPTO","1229","0","6602","69","70","660269","660270","1","-73.1755998424","7.07181453677","-73.1713944982","7.07535734471","1348.62301954999"
"Peaton","24","5318","IP  –  Ampliación a Tercer Carril Doble Calzada Bogotá - Girardot","Girardot - Bogotá","ANI","65","4G032","4005","59","61","400559","400561","0","-74.4335948001999","4.31560569362","-74.4476849122","4.30391728802","2040.31172143999"
"Peaton","25","7333",,,"DEPTO","1312","0","9007","79","80","900779","900780","0","-74.2254973159","11.1344376845","-74.2257791446999","11.1254283870999","1031.39225921999"
"Peaton","26","2873",,,"OTRO","0","0",,"0","0",,,"0","-75.4395249215999","6.2411252397","-75.4429337854","6.23467707761","816.206586474"
"Peaton","27","15354",,,"INVIAS-OTROS","1226","0","6515","128","129","6515128","6515129","1","-71.8784221677999","6.9585666602","-71.8747872651999","6.95820264657","414.947818926"
"Peaton","28","6248","Popayán – Santander de Quilichao","Popayán-Santander de Quilichao","ANI","4","4G021","2504","63","64","250463","250464","0","-76.5289927164999","2.9542093348","-76.5287997204","2.94325805602","1246.95683123999"
"Peaton","29","33812",,,"OTRO","0","0",,"0","0",,,"1","-76.2883927979","3.89149687606","-76.2847597219","3.88999069797","438.489441496999"
"Peaton","30","27302",,"Variante Pereira","INVIAS-OTROS","1156","0","29RS01","8","9","29RS018","29RS019","0","-75.8176136455","4.806519686","-75.8248170103999","4.80384032049","896.042769785"
"Peaton","31","23481",,"Puerto Salgar - Barranca","INVIAS-OTROS","29","0","4510","43","44","451043","451044","0","-74.6289723956","5.53518607668","-74.6308353834999","5.5318389415","450.370257676999"
"Peaton","32","7288",,,"DEPTO","1312","0",,"0","0",,,"1","-74.2307267722","11.1758507601999","-74.2259168713","11.1823293843999","913.893972996999"
"Peaton","33","8970","Ruta Caribe","Sincerin - Arjona - Turbaco - Cartagena","ANI","1274","3G008","9005","91","92","900591","900592","1","-75.4130284776999","10.3357170542","-75.4077242712999","10.3312678465999","944.739820158"
"Peaton","34","2636","Autopista al Mar 1","Medellín - Santafé de Antioquia","ANI","18","4G024",,"0","0",,,"0","-75.7311686165","6.40878936971","-75.730899979","6.40457268326","478.137101054"
"Peaton","35","39659",,"Tumaco-Pedregal","INVIAS-OTROS","55","0","1001","35","36","100135","100136","0","-78.7021700659999","1.57645824123","-78.6981058238","1.56844266875","1001.40820539"
"Peaton","36","19389","Desarrollo Vial del Oriente de Medellín – DEVIMED","Medellín - Santuario","ANI","1212","1G009","6004","23","24","600423","600424","1","-75.4384190752","6.27112515989","-75.4385710348999","6.26240762322","1009.4376548"
"Peaton","37","13827","Autopistas al Mar 2","Santafé de Antioquía - Chigorodó","ANI","19","4G026","6202","2","3","62022","62023","1","-76.6698079421999","7.65651178413","-76.6651227412999","7.64762672963","1126.64085002"
"Peaton","38","40741",,"Tumaco-Pedregal","INVIAS-OTROS","55","0","1002","127","128","1002127","1002128","0","-77.4547004152999","1.0541484638","-77.4530735279","1.04986782374","588.749473933999"
"Peaton","39","2671",,,"DEPTO","1219","0",,"0","0",,,"0","-75.3581523330999","6.42121616812","-75.3764076846999","6.41290194382","2388.21061637"
"Peaton","40","23820","Girardot - Honda - Puerto Salgar",,"ANI","1176","4G008","4510","28","29","451028","451029","1","-74.6789713850999","5.44038283964","-74.6807883911999","5.43189267701","976.680824508999"
"Peaton","41","39649",,"Tumaco-Pedregal","INVIAS-OTROS","55","0","1001","45","46","100145","100146","0","-78.6602383264999","1.49694617389","-78.6574810535","1.49176956551","653.661517529999"
"Peaton","42","3659",,,"OTRO","0","0",,"0","0",,,"0","-73.8358184452","5.49664376998","-73.8297607227","5.49604919366","680.724560525"
"Peaton","43","18956","Autopista al Mar 1","Medellín - Santafé de Antioquia","ANI","18","4G024",,"0","0",,,"0","-75.7185945452","6.38306426557","-75.7224448099999","6.3782180259","740.836013173999"
"Peaton","44","32958",,,"OTRO","0","0",,"0","0",,,"0","-76.2350295652999","4.09335083584","-76.2320307649","4.09172009343","380.463413627"
"Peaton","45","1183",,,"OTRO","0","0",,"0","0",,,"0","-75.4320371655","7.95705387917","-75.4394012292","7.94938083302","1211.16020625999"
"Peaton","46","8084","Ruta Caribe","Cartagena-Barranquilla (Cordialidad)","ANI","117","3G008","9006","80","81","900680","900681","0","-74.9100308017","10.6665245355","-74.9130755927999","10.6594722072","887.477479268"
"Peaton","47","40361","Rumichaca – Pasto","Pedregal-Pasto","ANI","56","4G025","2501","82","83","250182","250183","1","-77.2792431671999","1.19313660138","-77.2765849097","1.18599260163","905.982499361999"
"Peaton","48","22765","Briceño - Tunja - Sogamoso","Tunja - Duitama","ANI","38","3G001","5502","8","9","55028","55029","0","-73.2940504795","5.63500589017","-73.3002189565","5.62965058856","911.509786181999"
"Peaton","49","33846",,"Loboguerrero - Buga","INVIAS-OTROS","61","0","4001","118","119","4001118","4001119","1","-76.3161495887","3.89235272922","-76.3119660803999","3.89339597092","480.892139121"
"Peaton","50","24786",,"Chinchiná-Mariquita","INVIAS-OTROS","137","0","5007","1","2","50071","50072","1","-75.0339420285999","5.15619096305","-75.0372783485999","5.15041346615","970.896726456"
"Peaton","51","11336","Córdoba – Sucre","Planeta Rica - Sincelejo","ANI","14","3G006","2514","91","92","251491","251492","1","-75.3947255255999","9.11702462264","-75.4002558429999","9.11071549973","976.136508486"
"Peaton","52","23784",,"Viterbo-La Felisa","INVIAS-OTROS","162","0","2508","47","48","250847","250848","0","-75.6670000199","5.45012373042","-75.6586980840999","5.45168403942","985.382173491"
"Peaton","53","30791","IP  –  Ampliación a Tercer Carril Doble Calzada Bogotá - Girardot","Girardot - Bogotá","ANI","65","4G032","4005","81","82","400581","400582","0","-74.3888257235999","4.41945678989","-74.3944981396","4.41353426906","989.873187563999"
"Peaton","54","31610","IP – GIC","Calarcá - Ibagué","ANI","63","4G011","40TLC","5","6","40TLC5","40TLC6","0","-75.2202742248999","4.424154929","-75.2115947756","4.42407944181","993.3754268"
"Peaton","55","20505","Autopista Conexión Pacífico 1",,"ANI","1594","4G002","2509","60","61","250960","250961","0","-75.6293520700999","6.12473876138","-75.6300839585999","6.11635668463","1000.05322392"
"Peaton","56","33279","IP Malla Vial del Meta","Villavicencio-Puente Arimena","ANI","73","4G012","4007","1","2","40071","40072","0","-73.5980331891999","4.10632652111","-73.5910474128999","4.100717684","1000.73478049"
"Peaton","57","27304",,"Variante Pereira","INVIAS-OTROS","1156","0","29RS01","6","7","29RS016","29RS017","0","-75.8008579587999","4.81365057552","-75.8090083827","4.8112731857","1008.14405884999"
"Peaton","58","10812",,,"INVIAS-OTROS","1262","0","9003","44","45","900344","900345","0","-75.8518143145","9.25853412971","-75.8437587949999","9.25436229686999","1013.25349619999"
"Peaton","59","26532","Bogotá – La Vega – Villeta (BVLPV)","Bogotá - Villeta","ANI","120","1G002","5008","120","121","5008120","5008121","0","-74.2900362426999","4.86704962205","-74.2901983685","4.85808886747","1013.52671075"
"Peaton","60","39658",,"Tumaco-Pedregal","INVIAS-OTROS","55","0","1001","36","37","100136","100137","0","-78.6981058238","1.56844266875","-78.6938183978","1.56041236879","1014.30314393"
"Peaton","61","7334",,,"DEPTO","1312","0","9007","78","79","900778","900779","0","-74.2257791446999","11.1254283870999","-74.2241919970999","11.1166021735","1016.80801673999"
"Peaton","62","34503",,"El Cerrito - Obando - Cali","DEPTO","1102","0","2505B","25","26","2505B25","2505B26","0","-76.3278623692999","3.68954104964","-76.3286540521","3.68469964376","547.742119657999"
"Peaton","63","33855","IP - Nueva Malla Vial del Valle del Cauca","Candelaria-Buga","ANI","6","5G001","2505","66","67","250566","250567","1","-76.3119660803999","3.89339597092","-76.3130057834","3.88349099439","1118.42593968999"
"Peaton","64","211",,,"DEPTO","1312","0","9007","75","76","900775","900776","0","-74.2168485421999","11.0963330181999","-74.2155207039999","11.0913542152","583.814126342"
"Peaton","65","40589",,"Puerto Asis-Santana-Mocoa","INVIAS-OTROS","23","0","4502","71","72","450271","450272","0","-76.6528689796","1.10731452301","-76.6520193984","1.096994998","1198.23059315999"
"Peaton","66","23804",,"Viterbo-La Felisa","INVIAS-OTROS","162","0","2508","49","50","250849","250850","1","-75.6501337363999","5.45134838344","-75.6493776424999","5.44602443471","602.753165007"
"Peaton","67","23586",,,"OTRO","0","0",,"0","0",,,"1","-73.8565635846999","5.50913235028","-73.8533788887999","5.50475126478","611.175340627999"
"Peaton","68","40511",,"Pasto-Mocoa","INVIAS-OTROS","57","0","1003","64","66","100364","100366","1","-76.9123882586","1.19987788467","-76.9280106446999","1.20581831727","1910.2460575"
"Peaton","69","27297",,"Variante Pereira","INVIAS-OTROS","1156","0","29RSB","0","1","29RSB","29RSB1","0","-75.7976360146","4.81310756428","-75.7917721063","4.81113334412","719.742731098"
"Peaton","70","27308",,"Variante Pereira","INVIAS-OTROS","1156","0","29RS01","3","4","29RS013","29RS014","0","-75.7832566223","4.81354792925","-75.7767182799999","4.81190273525","776.323133052999"
"Peaton","71","7124","Santa Marta - Paraguachón","Santa Marta-Maicao-Paraguachón","ANI","119","1G003","9008","0","1","90080","90081","1","-74.1534280141","11.2257558982999","-74.1602539382","11.2234359957999","805.765698304"
"Peaton","72","32372","IP  –  Ampliación a Tercer Carril Doble Calzada Bogotá - Girardot","Girardot - Bogotá","ANI","65","4G032","4005","29","31","400529","400531","0","-74.6180686589","4.2389991429","-74.6238687158","4.22479140659","1727.80168699"
"Peaton","73","33894",,"Altos de Zaragoza-Loboguerrero","INVIAS-OTROS","60","0","4001","50","52","400150","400152","0","-76.7594793406999","3.78019832974","-76.7453831506","3.7763044364","1771.37054921999"
"Peaton","74","40510",,"Pasto-Mocoa","INVIAS-OTROS","57","0","1003","66","67","100366","100367","0","-76.9056358872","1.19510677441","-76.9123882586","1.19987788467","922.225837712"
"Peaton","75","891",,,"INVIAS-OTROS","3001","0",,"0","0",,,"0","-75.9048586683999","8.49217475064","-75.9060068892","8.47575198918","1859.95218888999"
"Peaton","76","9579","Puerta de Hierro – Palmar de Varela y Carreto – Cruz del Viso","Sincelejo - Carreto","ANI","15","4G018","2515","93","95","251593","251595","1","-75.0854942967999","9.95529500936","-75.0903861769999","9.9394078014","1894.1374562"
"Peaton","77","34497","IP - Nueva Malla Vial del Valle del Cauca","Candelaria-Buga","ANI","6","5G001","2505","42","43","250542","250543","1","-76.3156955795","3.6963705163","-76.3109955847999","3.68941066847","951.251417650999"
"Peaton","78","11454",,"Aguachica  - San Roque","INVIAS-OTROS","31","0","4515","40","41","451540","451541","1","-73.6249095855","8.95482081535","-73.6290619529","8.94739600726","957.525062331999"
"Peaton","79","41204","Rumichaca – Pasto","Puente Rumichaca-Ipiales","ANI","1","4G025","25NRC","2","3","25NRC2","25NRC3","0","-77.6305879452999","0.819449862517","-77.6225874355999","0.821305386368","963.733440315"
"Peaton","80","27301",,"Variante Pereira","INVIAS-OTROS","1156","0","29RS01","9","10","29RS019","29RS0110","0","-75.8248170103999","4.80384032049","-75.8331206014999","4.8033094459","965.69052219"
"Peaton","81","5354","IP  –  Ampliación a Tercer Carril Doble Calzada Bogotá - Girardot","Girardot - Bogotá","ANI","65","4G032","4005","33","34","400533","400534","0","-74.6056821725999","4.25552129323","-74.6132210746999","4.25123678194","973.011989482999"
"Peaton","82","39652",,"Tumaco-Pedregal","INVIAS-OTROS","55","0","1001","42","43","100142","100143","0","-78.6726860792999","1.5207886869","-78.6686949205","1.51293898955","981.291071182999"
"Peaton","83","15280",,,"DEPTO","1229","0","45AST08","10","11","45AST0810","45AST0811","1","-73.1687504836999","7.09061947065","-73.1696124401999","7.08209336279","984.198962918999"
"Peaton","84","39667",,"Tumaco-Pedregal","INVIAS-OTROS","55","0","1001","27","28","100127","100128","0","-78.7356196663999","1.63987605146","-78.7314651501999","1.63204288385","987.949467540999"
"Peaton","85","36771","Popayán – Santander de Quilichao","Popayán-Santander de Quilichao","ANI","4","4G021","2504","65","67","250465","250467","0","-76.5207749753","2.97467065413","-76.5268380679","2.95893273391","1978.78408674"
"Peaton","86","30793","IP  –  Ampliación a Tercer Carril Doble Calzada Bogotá - Girardot","Girardot - Bogotá","ANI","65","4G032","4005","79","80","400579","400580","1","-74.3917290823","4.40701159646","-74.3840132598","4.40636004232","994.396419995999"
"Peaton","87","36675","Popayán – Santander de Quilichao","Popayán-Santander de Quilichao","ANI","4","4G021","2504","73","74","250473","250474","0","-76.4995206098","3.0219090825","-76.4989906399","3.01304793014","998.929757128"
"Peaton","88","26530","Bogotá – La Vega – Villeta (BVLPV)","Bogotá - Villeta","ANI","120","1G002","5008","122","123","5008122","5008123","0","-74.2831910884","4.8547743612","-74.2752761559","4.85182915111","999.843838293999"
"Peaton","89","25864","Briceño - Tunja - Sogamoso","Bogotá - Tunja","ANI","37","3G001","5501","37","38","550137","550138","0","-73.8317566485","5.03949988734","-73.8382178930999","5.03337529563","1001.05472088999"
"Peaton","90","15538",,,"INVIAS-OTROS","1229","0","45AST08","9","10","45AST089","45AST0810","1","-73.1692585372999","7.08189521131","-73.1640340006999","7.07488778289","1004.39394599"
"Peaton","91","39676",,"Tumaco-Pedregal","INVIAS-OTROS","55","0","1001","18","19","100118","100119","0","-78.7733948677999","1.71154447131","-78.7691603297","1.70356127896","1006.90313659"
"Peaton","92","19395","Desarrollo Vial del Oriente de Medellín – DEVIMED","Medellín - Santuario","ANI","1212","1G009","6004","18","19","600418","600419","1","-75.4598196809999","6.30824693388","-75.4553775058","6.30046760286","1009.25664229999"
"Peaton","93","13839","Autopistas al Mar 2","Chigorodó-Turbo","ANI","20","4G026","6201","52","53","620152","620153","0","-76.6753611725","7.68787900007","-76.677099964","7.67905556072","1010.64373502"
"Peaton","94","10481","Córdoba – Sucre","Sincelejo - Carreto","ANI","15","3G006","2515","12","13","251512","251513","0","-75.2844908317999","9.34750201491","-75.2812804362999","9.33923141692","1010.8654145"
"Peaton","95","33857","IP - Nueva Malla Vial del Valle del Cauca","Candelaria-Buga","ANI","6","5G001","2505","64","65","250564","250565","1","-76.3090271484","3.87673119806","-76.3041123325999","3.86908263784","1014.79619367999"
"Peaton","96","23730","Girardot - Honda - Puerto Salgar",,"ANI","1176","4G008","4510","32","33","451032","451033","1","-74.6667326725","5.46709879989","-74.6706479333","5.45919754323","1019.92209959"
"Peaton","97","36775","Popayán – Santander de Quilichao","Popayán-Santander de Quilichao","ANI","4","4G021","2504","59","60","250459","250460","0","-76.5407673021999","2.9241489629","-76.5447810768999","2.9173609146","1020.31578951999"
"Peaton","98","9603","Puerta de Hierro – Palmar de Varela y Carreto – Cruz del Viso","Sincelejo - Carreto","ANI","15","4G018","2515","69","70","251569","251570","0","-75.1225291623999","9.75695298013","-75.121175987","9.7480600783","1021.27730445999"
"Peaton","99","7332",,,"DEPTO","1312","0","9007","80","81","900780","900781","0","-74.223727998","11.1432770499","-74.2254973159","11.1344376845","1024.70539076"
"Peaton","100","8045","Ruta Caribe","Barranquilla - Malambo - Palmar de Varela","ANI","1296","3G008","2516","70","71","251670","251671","1","-74.7707376885999","10.8525262011","-74.7703916372","10.8435058948","1028.78484503999"
"Todos","1","34896","IP - Nueva Malla Vial del Valle del Cauca","Yumbo - Yotoco - Buga","ANI","1100","5G001","2301","11","12","230111","230112","1","-76.4863568034","3.57906299157","-76.4859081194999","3.57615710067","330.437366112999"
"Todos","2","27300",,"Variante Pereira","INVIAS-OTROS","1156","0","29RS01","5","6","29RS015","29RS016","0","-75.7976360146","4.81310756428","-75.8008579587999","4.81365057552","363.758927174999"
"Todos","3","35613","IP - Nueva Malla Vial del Valle del Cauca","Santander de Quilichao-Candelaria","ANI","5","5G001","2504A","35","36","2504A35","2504A36","1","-76.3497785771999","3.41555702937","-76.3510122766","3.41050937467","587.579050897999"
"Todos","220","2633",,,"DEPTO","1219","0",,"0","0",,,"0","-75.3608248444","6.42506805473","-75.3699787631999","6.41956376891","1207.12118867"
"Todos","4","15279",,,"DEPTO","1229","0","45AST08","11","12","45AST0811","45AST0812","1","-73.1662142969999","7.09911953237","-73.1687504836999","7.09061947065","994.663574066"
"Todos","5","19405","Desarrollo Vial del Oriente de Medellín – DEVIMED","Medellín - Santuario","ANI","1212","1G009","6004","0","1","60040","60041","1","-75.5551017969","6.30964490076","-75.5483294953999","6.3147762088","1021.94892938999"
"Todos","6","33792",,"Buga- La Victoria","DEPTO","7","0","2505","70","71","250570","250571","1","-76.2926436136","3.92235958708","-76.3003645697999","3.91808308456","988.479106043"
"Todos","7","19086",,"El Hatillo - Girardota - Copacabana - Bello - Medellín","DEPTO","1218","0",,"0","0",,,"1","-75.505705655","6.35211571708","-75.5111995279","6.35060601439","638.471466186"
"Todos","8","19077",,"El Hatillo - Girardota - Copacabana - Bello - Medellín","DEPTO","1218","0",,"0","0",,,"1","-75.517543691","6.34935831146","-75.5217921201","6.34659808083","570.813046451999"
"Todos","9","34519","IP - Nueva Malla Vial del Valle del Cauca","Candelaria-Buga","ANI","6","5G001","2505","40","41","250540","250541","1","-76.3043744538999","3.68407498213","-76.3008494287","3.67571596958","1035.37745012999"
"Todos","10","33238",,"Granada - Villavicencio","DEPTO","53","0",,"0","0",,,"1","-73.6545177895","4.10938876154","-73.6597629008","4.09947144085","1253.90618689"
"Todos","11","190",,"Ciénaga-Santa Marta","DEPTO","118","0",,"0","0",,,"1","-74.1602539382","11.2234359957999","-74.1635344549","11.2145446067","1128.91047236999"
"Todos","12","11845","IP – Antioquia – Bolívar","Arboletes-Montería","ANI","101","4G016","7401","62","63","740162","740163","1","-75.8943619307","8.76257459903","-75.8962519916999","8.75416986727","1019.41553645999"
"Todos","13","22349","Briceño - Tunja - Sogamoso","Duitama-Sogamoso","ANI","79","3G001","6210","0","0","6210","6210","1","-73.0159163567","5.8096292407","-73.0274602159","5.80714609604","1315.42601887999"
"Todos","14","11003","Córdoba – Sucre","Planeta Rica - Sincelejo","ANI","14","3G006",,"0","0",,,"1","-75.3880644358","9.29098276583","-75.3964368318","9.28434783376999","1195.38371247"
"Todos","15","19401","Desarrollo Vial del Oriente de Medellín – DEVIMED","Medellín - Santuario","ANI","1212","1G009","6004","12","13","600412","600413","0","-75.4903911363","6.31842006511","-75.4899458745999","6.32723753707","996.048912102"
"Todos","16","30422","IP  –  Ampliación a Tercer Carril Doble Calzada Bogotá - Girardot",,"ANI","2127","4G032","4005","114","115","4005114","4005115","0","-74.2353551663999","4.55575102742","-74.2411668585999","4.54880208025","1010.31097964"
"Todos","17","28054","Bogotá – La Vega – Villeta (BVLPV)",,"ANI","1148","1G002","5008","144","145","5008144","5008145","1","-74.1305663196","4.7327463166","-74.1245872376999","4.72582222853","1021.2258249"
"Todos","18","8311","Puerta de Hierro – Palmar de Varela y Carreto – Cruz del Viso","Carreto - Barranquilla","ANI","17","4G018","2516","45","46","251645","251646","0","-74.7592108055","10.637561328","-74.761275087","10.6290923721","1021.82450348999"
"Todos","19","34706","IP - Nueva Malla Vial del Valle del Cauca","Yumbo - Yotoco - Buga","ANI","1100","5G001","2301","13","14","230113","230114","1","-76.482824887","3.59669688618","-76.4833561364","3.58774464796","1048.26029192999"
"Todos","20","27068",,"Variante Pereira","INVIAS-OTROS","1156","0","29RSC","9","10","29RSC9","29RSC10","0","-75.6918464449999","4.83593125304","-75.6977094816","4.83137451842","963.770682788"
"Todos","22","39670",,"Tumaco-Pedregal","INVIAS-OTROS","55","0","1001","24","25","100124","100125","0","-78.7482087689","1.66376464079","-78.7439616992","1.65573986663","1011.66206251"
"Todos","23","40020",,"Tumaco-Pedregal","INVIAS-OTROS","55","0","1001","60","61","100160","100161","0","-78.5722589317","1.40323224217","-78.5637003119999","1.39819903161","1106.53872438"
"Todos","24","13240",,"El Zulia-Cúcuta","INVIAS-OTROS","100","0","7009","58","59","700958","700959","0","-72.5936569331999","7.93209598013","-72.5873877508","7.93004759197","741.133345182999"
"Todos","25","27303",,"Variante Pereira","INVIAS-OTROS","1156","0","29RS01","7","8","29RS017","29RS018","0","-75.8090083827","4.8112731857","-75.8176136455","4.806519686","1115.78027337999"
"Todos","26","33280","IP Malla Vial del Meta","Villavicencio-Puente Arimena","ANI","73","4G012","4007","0","1","4007","40071","1","-73.6055781092999","4.11249520728","-73.5980331891999","4.10632652111","1088.36804757999"
"Todos","27","37814",,,"INVIAS-OTROS","1589","0","2001","57","58","200157","200158","0","-76.639558417","2.45524225253","-76.6472295714","2.45705373463","999.790086623999"
"Todos","28","40015",,"Tumaco-Pedregal","INVIAS-OTROS","55","0","1001","65","66","100165","100166","0","-78.5307162607","1.38854687096","-78.5218416878","1.39019728456","1013.01059625"
"Todos","29","7089","Santa Marta - Paraguachón","Santa Marta-Maicao-Paraguachón","ANI","119","1G003","9008","42","43","900842","900843","0","-73.8219214729","11.2492240801999","-73.8309740658999","11.2483980094","1031.67326449"
"Todos","30","36047","IP - Nueva Malla Vial del Valle del Cauca",,"ANI","0","5G001",,"0","0",,,"0","-76.3857613697","3.39897877327","-76.3836688871","3.3979757737","258.417446165"
"Todos","31","35252","IP - Nueva Malla Vial del Valle del Cauca","Cali - Palmira","ANI","1590","5G001","2505","14","15","250514","250515","0","-76.3578776681","3.52054262249","-76.3635359862999","3.51893637993","655.153834824999"
"Todos","32","12982",,"Hoyórrico - Caucasia","INVIAS-OTROS","1220","0","2512","62","63","251262","251263","1","-75.2008323336","7.98857190115","-75.2023371017999","7.97930919247","1058.97703993"
"Todos","33","2030",,"Barbosa - Bucaramanga","INVIAS-OTROS","42","0","45A07","82","83","45A0782","45A0783","0","-73.0601151106999","7.02039770917","-73.0556026067","7.01123349003","1167.73771704999"
"Todos","34","38800",,"Florencia - Guayabal - Altamira","INVIAS-OTROS","1013","0","2003A","7","8","2003A7","2003A8","0","-75.7973003948","1.97176607727","-75.799306344","1.96320797082","1006.9524499"
"Todos","35","33731",,"Buga- La Victoria","DEPTO","7","0","2505","74","75","250574","250575","0","-76.2731379373999","3.95141481737","-76.2776369330999","3.94366701827","1007.66716823"
"Todos","36","15354",,,"INVIAS-OTROS","1226","0","6515","128","129","6515128","6515129","1","-71.8784221677999","6.9585666602","-71.8747872651999","6.95820264657","414.947818926"
"Todos","37","36053","IP - Nueva Malla Vial del Valle del Cauca","Santander de Quilichao-Candelaria","ANI","5","5G001","2504A","35","36","2504A35","2504A36","1","-76.3510122766","3.41050937467","-76.3515632022999","3.40584354957","525.173519656"
"Todos","38","11674","Córdoba – Sucre","Montería-La Ye","ANI","89","3G006",,"0","0",,,"0","-75.8367046741","8.82804681841","-75.8373555834999","8.8269727973","141.329000557999"
"Todos","39","18891",,"El Hatillo - Girardota - Copacabana - Bello - Medellín","DEPTO","1218","0",,"0","0",,,"0","-75.4229115124999","6.4089402424","-75.4341296142","6.39867434537","1700.58228213999"
"Todos","40","35281","IP - Nueva Malla Vial del Valle del Cauca","Cali - Palmira","ANI","1590","5G001","2505","8","9","25058","25059","0","-76.4073563139999","3.50875239943","-76.4160741243999","3.50691008079","992.062654128999"
"Todos","41","34360",,"Cali-Dagua","INVIAS-OTROS","165","0","1901","47","48","190147","190148","1","-76.6866200135","3.66037069274","-76.6880672822999","3.65391577116","999.817267722999"
"Todos","42","14201",,"Barranca - Aguachica","INVIAS-OTROS","30","0","4513","37","38","451337","451338","0","-73.5451340268","7.40259070751","-73.5474256994999","7.39385954156","1012.92385035999"
"Todos","43","17460",,"Barbosa - Bucaramanga","INVIAS-OTROS","42","0","45A07","0","1","45A07","45A071","1","-73.1241599030999","6.55355476115","-73.1319589131999","6.55216446729","980.655039310999"
"Todos","44","33240",,"Granada - Villavicencio","DEPTO","53","0",,"0","0",,,"1","-73.6466908450999","4.11752059912","-73.6545177895","4.10938876154","1272.35234311999"
"Todos","45","19383","Desarrollo Vial del Oriente de Medellín – DEVIMED","Medellín - Santuario","ANI","1212","1G009","6004","6","7","60046","60047","0","-75.5229078809999","6.32865402581","-75.5151001903","6.32796112575","987.070390109999"
"Todos","46","12967","Autopistas al Mar 2","Chigorodó-Turbo","ANI","20","4G026","6201","16","17","620116","620117","0","-76.6404224591999","8.00436302560999","-76.6376063133999","7.99483275324","1116.94939793"
"Todos","47","7124","Santa Marta - Paraguachón","Santa Marta-Maicao-Paraguachón","ANI","119","1G003","9008","0","1","90080","90081","1","-74.1534280141","11.2257558982999","-74.1602539382","11.2234359957999","805.765698304"
"Todos","48","35145","IP - Nueva Malla Vial del Valle del Cauca","Yumbo - Cali","ANI","2536","5G001","2301","2","3","23012","23013","1","-76.5024591142999","3.51148426984","-76.5054232293","3.50314166063","987.358993097"
"Todos","49","32909",,"Buga- La Victoria","DEPTO","7","0","2505","99","100","250599","2505100","0","-76.1805890947999","4.14108961443","-76.1813000814999","4.13239873927","987.857053493999"
"Todos","50","33795",,"Buga- La Victoria","DEPTO","7","0","2505","67","68","250567","250568","1","-76.3109154243","3.90348760682","-76.3122709057","3.89517909869","995.141534406"
"Todos","51","11023",,"Aguachica  - San Roque","INVIAS-OTROS","31","0","4515","76","77","451576","451577","1","-73.5379101754","9.20354007046","-73.5504641530999","9.19912627359999","1499.68123259999"
"Todos","52","27060",,"Variante Pereira","INVIAS-OTROS","1156","0","29RSC","7","8","29RSC7","29RSC8","0","-75.7062085872999","4.82865096013","-75.7124113115999","4.82530601826","1001.6771569"
"Todos","53","15681",,"Barbosa - Bucaramanga","INVIAS-OTROS","42","0","45A07","78","79","45A0778","45A0779","0","-73.0425419399","6.98838354965","-73.0455568728","6.98039358529","1005.20250817999"
"Todos","54","36099","IP - Nueva Malla Vial del Valle del Cauca",,"ANI","0","5G001",,"0","0",,,"0","-76.3671847593","3.39422642205","-76.3540334008999","3.39573253271","1525.01233541"
"Todos","55","9621",,,"INVIAS-OTROS","1261","0",,"0","0",,,"1","-73.2354832689999","10.0332601904","-73.2435356808999","10.0288940342","1063.27760863999"
"Todos","56","7104","Santa Marta - Paraguachón","Santa Marta-Maicao-Paraguachón","ANI","119","1G003","9008","2","3","90082","90083","0","-74.137496552","11.2341394736","-74.1455973752999","11.2299011958","1049.81776027"
"Todos","57","27733","Bogotá (Fontibón) – Faca – Los Alpes","Mosquera - Facatativa - Los Andes","ANI","1151","1G007","5008A","53","54","5008A53","5008A54","0","-74.3181057468","4.7737868831","-74.3124505734","4.76603570409","1096.40315830999"
"Todos","58","11006","Córdoba – Sucre","Planeta Rica - Sincelejo","ANI","14","3G006",,"0","0",,,"0","-75.3964368318","9.28434783376999","-75.4015190344999","9.28055503226","709.687575588999"
"Todos","59","2025",,"Barbosa - Bucaramanga","INVIAS-OTROS","42","0","45A07","87","88","45A0787","45A0788","1","-73.0852811716","7.05726865041","-73.0782189157999","7.04593445371","1607.00570784999"
"Todos","60","27302",,"Variante Pereira","INVIAS-OTROS","1156","0","29RS01","8","9","29RS018","29RS019","0","-75.8176136455","4.806519686","-75.8248170103999","4.80384032049","896.042769785"
"Todos","61","8970","Ruta Caribe","Sincerin - Arjona - Turbaco - Cartagena","ANI","1274","3G008","9005","91","92","900591","900592","1","-75.4130284776999","10.3357170542","-75.4077242712999","10.3312678465999","944.739820158"
"Todos","62","19087",,"El Hatillo - Girardota - Copacabana - Bello - Medellín","DEPTO","1218","0",,"0","0",,,"1","-75.5111995279","6.35060601439","-75.517543691","6.34935831146","720.666394202999"
"Todos","63","13605",,"Barranca - Aguachica","INVIAS-OTROS","30","0","4514","1","2","45141","45142","0","-73.4043328715","7.78928635759","-73.4001091324","7.780571418","1086.32231447999"
"Todos","64","6050","IP - Nueva Malla Vial del Valle del Cauca",,"ANI","0","5G001",,"0","0",,,"0","-76.4443552954","3.41124224927","-76.4334385683","3.41233130032","1227.15234867999"
"Todos","65","41377",,,"DEPTO","1219","0",,"0","0",,,"0","-75.3697569671","6.43652124216","-75.3709981261","6.43088403393","1104.42098970999"
"Todos","66","5327","IP Malla Vial del Meta","Villavicencio-Puente Arimena","ANI","73","4G012","4008","0","1","40080","40081","1","-72.9589128055999","4.08898198171","-72.9645938964","4.08395340293","852.221826322999"
"Todos","67","9619",,,"INVIAS-OTROS","1261","0","4901","95","96","490195","490196","1","-73.2437720836","10.0401618141999","-73.2446322084999","10.0314876633","1001.90775760999"
"Todos","68","10938","Córdoba – Sucre","Sincelejo - Carreto","ANI","15","3G006","2515","8","9","25158","25159","1","-75.2913895526999","9.32462393105","-75.3029932804","9.31873130616999","1539.64640516"
"Todos","69","11021",,"Aguachica  - San Roque","INVIAS-OTROS","31","0","4515","78","79","451578","451579","0","-73.5227081241","9.21376227339","-73.5302562754","9.20865821611","1018.50386433"
"Todos","70","15682",,"Barbosa - Bucaramanga","INVIAS-OTROS","42","0","45A07","77","78","45A0777","45A0778","0","-73.0455568728","6.98039358529","-73.0442686011","6.97221249216","977.858694882999"
"Todos","71","40741",,"Tumaco-Pedregal","INVIAS-OTROS","55","0","1002","127","128","1002127","1002128","0","-77.4547004152999","1.0541484638","-77.4530735279","1.04986782374","588.749473933999"
"Todos","72","3955","Briceño - Tunja - Sogamoso","Bogotá - Tunja","ANI","37","3G001","5501","72","73","550172","550173","1","-73.592094419","5.21788701154","-73.6007515809999","5.20960555648","1339.21892739999"
"Todos","73","1899",,,"DEPTO","1229","0","6602","69","70","660269","660270","1","-73.1755998424","7.07181453677","-73.1713944982","7.07535734471","1348.62301954999"
"Todos","74","35284","IP - Nueva Malla Vial del Valle del Cauca","Cali - Palmira","ANI","1590","5G001","2505","9","10","25059","250510","0","-76.3986419926","3.51121930886","-76.4073563139999","3.50875239943","1009.44205531"
"Todos","75","36105","IP - Nueva Malla Vial del Valle del Cauca","Santander de Quilichao-Candelaria","ANI","5","5G001","2504A","32","33","2504A32","2504A33","0","-76.3531958104999","3.38900294967","-76.3525235018999","3.37987075172","1022.66285912"
"Todos","76","41624",,"Aguazul-Maní","DEPTO","83","0",,"0","0",,,"0","-72.5302474087","5.15690789332","-72.5381562959999","5.16165289603","1027.86966159999"
"Todos","183","22552",,,"OTRO","0","0","6210","12","13","621012","621013","0","-72.950719167","5.74926953067","-72.9420380820999","5.75172818343","1038.59840671"
"Todos","77","35282","IP - Nueva Malla Vial del Valle del Cauca","Cali - Palmira","ANI","1590","5G001","2505","7","8","25057","25058","0","-76.4160741243999","3.50691008079","-76.4251128798999","3.50497563888","1029.09408940999"
"Todos","78","30808","IP  –  Ampliación a Tercer Carril Doble Calzada Bogotá - Girardot","Girardot - Bogotá","ANI","65","4G032","4005","99","100","400599","4005100","0","-74.32627849","4.53055057506","-74.3356739645","4.52998543202","1095.05244794"
"Todos","79","9746","Ruta del Sol 3","Bosconia - Cienaga","ANI","33","3G012","4516","86","87","451686","451687","1","-73.8862987527","9.97306572485","-73.8816130073","9.96597098332","956.754646406"
"Todos","80","8615","Ruta del Sol 3","Bosconia - Cienaga","ANI","33","3G012","4517","0","1","45170","45171","1","-73.8915267865999","9.98096824457","-73.8862987527","9.97306572485","1066.33575352999"
"Todos","82","5221","Girardot – Ibagué – Cajamarca","Ibagué- Girardot","ANI","64","3G009","40TLC","14","15","40TLC14","40TLC15","1","-75.1770722857999","4.41749632804","-75.1697731816999","4.4103921632","1143.88723744"
"Todos","83","34091","IP - Nueva Malla Vial del Valle del Cauca","Candelaria-Buga","ANI","6","5G001","2505","57","58","250557","250558","0","-76.3045564364999","3.82319272805","-76.30828309","3.81061254521","1474.39955564999"
"Todos","84","34272","IP - Nueva Malla Vial del Valle del Cauca","Candelaria-Buga","ANI","6","5G001","2505","50","51","250550","250551","1","-76.3265686829","3.76321688438","-76.3255308126999","3.75353727972","1094.23108810999"
"Todos","85","34875","IP - Nueva Malla Vial del Valle del Cauca",,"ANI","1096","5G001","2505","27","28","250527","250528","0","-76.2800313039","3.5848095006","-76.2852017955","3.57766456848","985.911885557999"
"Todos","86","19398","Desarrollo Vial del Oriente de Medellín – DEVIMED","Medellín - Santuario","ANI","1212","1G009","6004","15","16","600415","600416","0","-75.4749743100999","6.32654683367","-75.4671315748999","6.32296397066","987.675886329"
"Todos","87","19391","Desarrollo Vial del Oriente de Medellín – DEVIMED","Medellín - Santuario","ANI","1212","1G009","6004","21","22","600421","600422","1","-75.4483045022","6.28467687616","-75.4448256454","6.27694946552","997.376999483999"
"Todos","88","2029",,"Barbosa - Bucaramanga","INVIAS-OTROS","42","0","45A07","83","84","45A0783","45A0784","0","-73.0652637545999","7.02578590586","-73.0601151106999","7.02039770917","836.684650927"
"Todos","89","19390","Desarrollo Vial del Oriente de Medellín – DEVIMED","Medellín - Santuario","ANI","1212","1G009","6004","22","23","600422","600423","1","-75.4448256454","6.27694946552","-75.4384190752","6.27112515989","1009.92711458999"
"Todos","90","33847",,"Loboguerrero - Buga","INVIAS-OTROS","61","0","4001","117","118","4001117","4001118","1","-76.3249879308","3.89100706801","-76.3161495887","3.89235272922","1012.85571765999"
"Todos","91","5318","IP  –  Ampliación a Tercer Carril Doble Calzada Bogotá - Girardot","Girardot - Bogotá","ANI","65","4G032","4005","59","61","400559","400561","0","-74.4335948001999","4.31560569362","-74.4476849122","4.30391728802","2040.31172143999"
"Todos","92","7884","Ruta Caribe","Cartagena-Barranquilla (Cordialidad)","ANI","117","3G008","9006","109","110","9006109","9006110","1","-74.882419444","10.9051093796","-74.8835096183999","10.8961277673999","1026.56987479999"
"Todos","93","7288",,,"DEPTO","1312","0",,"0","0",,,"1","-74.2307267722","11.1758507601999","-74.2259168713","11.1823293843999","913.893972996999"
"Todos","94","6248","Popayán – Santander de Quilichao","Popayán-Santander de Quilichao","ANI","4","4G021","2504","63","64","250463","250464","0","-76.5289927164999","2.9542093348","-76.5287997204","2.94325805602","1246.95683123999"
"Todos","95","3937",,,"OTRO","0","0",,"0","0",,,"0","-75.1558377364","5.24721837992","-75.1557598338","5.24227116171","595.362858452999"
"Todos","96","2032",,"Barbosa - Bucaramanga","INVIAS-OTROS","42","0","45A07","79","80","45A0779","45A0780","1","-73.0480574181","6.99435050798","-73.0425419399","6.98838354965","917.609395184"
"Todos","97","5326","IP Malla Vial del Meta","Villavicencio-Puente Arimena","ANI","73","4G012","4008","1","2","40081","40082","1","-72.9495645204","4.09537087846","-72.9589128055999","4.08898198171","1269.68768705999"
"Todos","98","14700","Bucaramanga- Barranca-Yondó","Bucaramanga-Barranca-Yondó","ANI","164","4G023","6602","18","19","660218","660219","0","-73.4107323065999","7.10671639695","-73.4146918561","7.10757494703","958.321875545"
"Todos","99","35146","IP - Nueva Malla Vial del Valle del Cauca","Yumbo - Cali","ANI","2536","5G001","2301","1","2","23011","23012","1","-76.5054232293","3.50314166063","-76.5086668957","3.49455880536","1023.24383758999"
"Todos","100","12981",,"Hoyórrico - Caucasia","INVIAS-OTROS","1220","0","2512","63","64","251263","251264","1","-75.2017023725999","7.99540658855","-75.2008323336","7.98857190115","982.679843874999"
"Todos","101","11892","IP – Antioquia – Bolívar","Planeta Rica - Montería","ANI","157","4G016","2310","46","47","231046","231047","0","-75.8473340003999","8.72975203186999","-75.8415569123","8.72296127079","999.707562467"
"Todos","102","32112","IP  –  Ampliación a Tercer Carril Doble Calzada Bogotá - Girardot","Girardot - Bogotá","ANI","65","4G032","4005","61","62","400561","400562","0","-74.4260983227","4.32008429927","-74.4335948001999","4.31560569362","999.909749581"
"Todos","103","40016",,"Tumaco-Pedregal","INVIAS-OTROS","55","0","1001","64","65","100164","100165","0","-78.5396784623","1.38911731749","-78.5307162607","1.38854687096","1003.66193783999"
"Todos","104","31533","IP – GIC","Calarcá - Ibagué","ANI","63","4G011","4003","49","50","400349","400350","1","-75.4334171810999","4.43884574818","-75.4252555165","4.44163795445","1006.00999989"
"Todos","105","33461","IP Malla Vial del Meta","Granada - Villavicencio","ANI","53","4G012","6509","9","10","65099","650910","0","-73.7052646126","3.66043149098","-73.7044048350999","3.6517687155","1011.61546137"
"Todos","106","6320",,"Palermo-Neiva","DEPTO","150","0",,"0","0",,,"0","-75.4219452636999","2.88962066368","-75.4099649254","2.888431232","1349.46202913999"
"Todos","107","35142","IP - Nueva Malla Vial del Valle del Cauca","Yumbo - Cali","ANI","2536","5G001","2301","5","6","23015","23016","1","-76.4930150834999","3.53758074618","-76.4961094789999","3.52899856458","1017.36800171"
"Todos","108","32904",,"Buga- La Victoria","DEPTO","7","0","2505","98","99","250598","250599","0","-76.1813000814999","4.13239873927","-76.1785505202","4.12462313067","1019.23130017999"
"Todos","109","16294",,,"INVIAS-OTROS","1226","0","6515","127","128","6515127","6515128","1","-71.8716170215","6.95275265826","-71.8670491594999","6.94486646924","1020.68224629999"
"Todos","110","28381","Bogotá (Fontibón) – Faca – Los Alpes","Bogotá - Mosquera","ANI","1149","1G007","5008A","70","71","5008A70","5008A71","1","-74.1918618667999","4.69857275978","-74.1826589977","4.69925292848","1028.46716205"
"Todos","111","28382","Bogotá (Fontibón) – Faca – Los Alpes","Bogotá - Mosquera","ANI","1149","1G007","5008A","69","70","5008A69","5008A70","1","-74.201109079","4.69792017802","-74.1918618667999","4.69857275978","1033.06955683999"
"Todos","112","36469","IP - Nueva Malla Vial del Valle del Cauca","Santander de Quilichao-Candelaria","ANI","5","5G001","2504A","4","5","2504A4","2504A5","0","-76.442046054","3.19628011688","-76.4469601848999","3.18900833434","979.606683897"
"Todos","113","35144","IP - Nueva Malla Vial del Valle del Cauca","Yumbo - Cali","ANI","2536","5G001","2301","3","4","23013","23014","1","-76.4992298401","3.52038909305","-76.5024591142999","3.51148426984","1056.43999228"
"Todos","114","30421","IP  –  Ampliación a Tercer Carril Doble Calzada Bogotá - Girardot",,"ANI","2127","4G032","4005","115","116","4005115","4005116","0","-74.2292411152999","4.56306142771","-74.2353551663999","4.55575102742","1062.87337309"
"Todos","115","22551",,,"OTRO","0","0","6210","13","14","621013","621014","0","-72.9420380820999","5.75172818343","-72.9337049033999","5.75643315408","1067.33630588999"
"Todos","116","18885",,"El Hatillo - Girardota - Copacabana - Bello - Medellín","DEPTO","1218","0",,"0","0",,,"0","-75.3984391179999","6.41621274985","-75.4132876298999","6.41208155907","1753.70184119999"
"Todos","117","18882",,"El Hatillo - Girardota - Copacabana - Bello - Medellín","DEPTO","1218","0",,"0","0",,,"0","-75.4613407010999","6.38427613011","-75.4711881423999","6.38294380549","1109.94814722"
"Todos","118","35236",,"Palmira - El Palo","INVIAS-OTROS","1052","0","3105","70","71","310570","310571","0","-76.2455541448999","3.43213123394","-76.2464045968","3.42536642228","762.636244281"
"Todos","119","12966","Autopistas al Mar 2","Chigorodó-Turbo","ANI","20","4G026","6201","17","18","620117","620118","0","-76.6376063133999","7.99483275324","-76.6354430218","7.98698019646","920.889840443"
"Todos","120","36054","IP - Nueva Malla Vial del Valle del Cauca","Santander de Quilichao-Candelaria","ANI","5","5G001","2504A","34","35","2504A34","2504A35","0","-76.3515632022999","3.40584354957","-76.3534895150999","3.39770757216","932.438768599"
"Todos","121","1118","Autopistas al Mar 2","Turbo - Necocli","ANI","21","4G026","9001","1","2","90011","90012","0","-76.7271183896999","8.11148120318999","-76.7312497908999","8.10364020301","1186.78474722"
"Todos","122","13697",,"San Alberto - Bucaramanga","DEPTO","1232","0","45A08","2","3","45A082","45A083","0","-73.1358051269999","7.17850961605","-73.1330977987","7.1706480706","972.5274567"
"Todos","123","8971","Ruta Caribe","Sincerin - Arjona - Turbaco - Cartagena","ANI","1274","3G008","9005","90","91","900590","900591","1","-75.4077242712999","10.3312678465999","-75.4051714417999","10.3237825858","973.68126353"
"Todos","124","36776","Popayán – Santander de Quilichao","Popayán-Santander de Quilichao","ANI","4","4G021","2504","58","59","250458","250459","0","-76.5447810768999","2.9173609146","-76.5489081058999","2.91148904958","980.075709918"
"Todos","125","33915",,"Citronela-Altos de Zaragoza","INVIAS-OTROS","59","0","4001","19","20","400119","400120","0","-76.9312541321999","3.88038719626","-76.9228976182999","3.87916712933","983.719559503"
"Todos","126","34270","IP - Nueva Malla Vial del Valle del Cauca","Candelaria-Buga","ANI","6","5G001","2505","52","53","250552","250553","0","-76.3261316122","3.77585087732","-76.3270869984999","3.76705236476","990.274082187999"
"Todos","127","34273","IP - Nueva Malla Vial del Valle del Cauca","Candelaria-Buga","ANI","6","5G001","2505","49","50","250549","250550","0","-76.3255308126999","3.75353727972","-76.3246158830999","3.74470894312","990.368793999999"
"Todos","128","7115","Santa Marta - Paraguachón","Santa Marta-Maicao-Paraguachón","ANI","119","1G003","9008","1","2","90081","90082","1","-74.1455973752999","11.2299011958","-74.1534280141","11.2257558982999","993.879158204999"
"Todos","129","16295",,,"INVIAS-OTROS","1226","0","6515","126","127","6515126","6515127","1","-71.8670491594999","6.94486646924","-71.8626188149","6.93714865419","996.57804607"
"Todos","130","34269","IP - Nueva Malla Vial del Valle del Cauca","Candelaria-Buga","ANI","6","5G001","2505","53","54","250553","250554","0","-76.3222941277","3.78378807313","-76.3261316122","3.77585087732","999.009881964999"
"Todos","131","19388","Desarrollo Vial del Oriente de Medellín – DEVIMED","Medellín - Santuario","ANI","1212","1G009","6004","24","25","600424","600425","1","-75.4385710348999","6.26240762322","-75.4333649216","6.2552139795","1006.41462836999"
"Todos","132","19389","Desarrollo Vial del Oriente de Medellín – DEVIMED","Medellín - Santuario","ANI","1212","1G009","6004","23","24","600423","600424","1","-75.4384190752","6.27112515989","-75.4385710348999","6.26240762322","1009.4376548"
"Todos","133","3956","Briceño - Tunja - Sogamoso","Bogotá - Tunja","ANI","37","3G001","5501","71","72","550171","550172","1","-73.6007515809999","5.20960555648","-73.6039383277999","5.20466011035","674.045632913999"
"Todos","134","12681","Autopistas al Mar 2","Turbo - Necocli","ANI","21","4G026","9001","0","1","90010","90011","0","-76.7312497908999","8.10364020301","-76.7283026602","8.0952400397","1012.74508392999"
"Todos","135","11846","IP – Antioquia – Bolívar","Arboletes-Montería","ANI","101","4G016","7401","61","62","740161","740162","1","-75.8908780194","8.7709222025","-75.8943619307","8.76257459903","1017.72038038999"
"Todos","136","36775","Popayán – Santander de Quilichao","Popayán-Santander de Quilichao","ANI","4","4G021","2504","59","60","250459","250460","0","-76.5407673021999","2.9241489629","-76.5447810768999","2.9173609146","1020.31578951999"
"Todos","137","15536",,"Floridablanca - Giron","INVIAS-OTROS","1229","0","45AST08","8","9","45AST088","45AST089","1","-73.1640340006999","7.07488778289","-73.1637257422","7.06535753893","1077.61968795"
"Todos","138","8312","Puerta de Hierro – Palmar de Varela y Carreto – Cruz del Viso","Carreto - Barranquilla","ANI","17","4G018","2516","44","45","251644","251645","0","-74.761275087","10.6290923721","-74.7668153449999","10.6183359782999","1365.74674301999"
"Todos","139","41623",,"Aguazul-Maní","DEPTO","83","0",,"0","0",,,"0","-72.5230959929999","5.15114825444","-72.5302474087","5.15690789332","1027.86966157999"
"Todos","140","7333",,,"DEPTO","1312","0","9007","79","80","900779","900780","0","-74.2254973159","11.1344376845","-74.2257791446999","11.1254283870999","1031.39225921999"
"Todos","141","33255","IP Malla Vial del Meta","Villavicencio-Puente Arimena","ANI","73","4G012","4007","0","0","4007","4007","1","-73.6128391926999","4.11835003539","-73.6055781092999","4.11249520728","1040.23600106999"
"Todos","142","11891","IP – Antioquia – Bolívar","Planeta Rica - Montería","ANI","157","4G016","2310","47","48","231047","231048","0","-75.8534283939","8.73684539729","-75.8473340003999","8.72975203186999","1049.10852885"
"Todos","143","35717","IP - Nueva Malla Vial del Valle del Cauca",,"ANI","0","5G001",,"0","0",,,"0","-76.4753934591","3.4505155255","-76.4737953785","3.45052093524","177.902084698"
"Todos","144","647","Córdoba – Sucre","Sincelejo - Toluviejo","ANI","1264","3G006",,"0","0",,,"1","-75.4128645575","9.30126144135999","-75.4117850707999","9.28256561114","2159.12783166999"
"Todos","145","645","Córdoba – Sucre","Sincelejo - Toluviejo","ANI","1264","3G006",,"0","0",,,"1","-75.4126962633","9.30778427787","-75.4128645575","9.30126144135999","737.257550769999"
"Todos","146","33855","IP - Nueva Malla Vial del Valle del Cauca","Candelaria-Buga","ANI","6","5G001","2505","66","67","250566","250567","1","-76.3119660803999","3.89339597092","-76.3130057834","3.88349099439","1118.42593968999"
"Todos","147","394","Ruta Caribe","Cartagena-Barranquilla (Cordialidad)","ANI","117","3G008","9006","0","1","90060","90061","0","-75.4375862274","10.4166325612","-75.4472101432999","10.4087591121","1404.27422359999"
"Todos","148","35250","IP - Nueva Malla Vial del Valle del Cauca","Cali - Palmira","ANI","1590","5G001","2505","16","17","250516","250517","0","-76.3459850664","3.52282184849","-76.3376349395","3.52450405019","948.357104804999"
"Todos","149","34939","IP - Nueva Malla Vial del Valle del Cauca","Yumbo - Yotoco - Buga","ANI","1100","5G001","2301","10","11","230110","230111","1","-76.4855081434999","3.57272620392","-76.4850464459999","3.56939700157","380.053363903999"
"Todos","150","5855","IP  –  Neiva – Espinal - Girardot","Neiva-Girardot","ANI","27","4G017","4506","39","40","450639","450640","0","-75.2462679239","3.28171000069","-75.2513372317","3.27115477704","1444.6962808"
"Todos","151","12691","Autopistas al Mar 2","Chigorodó-Turbo","ANI","20","4G026","6201","0","1","62010","62011","0","-76.7282672735999","8.09523883706","-76.7200507719999","8.09812135218","971.38440703"
"Todos","152","2671",,,"DEPTO","1219","0",,"0","0",,,"0","-75.3581523330999","6.42121616812","-75.3764076846999","6.41290194382","2388.21061637"
"Todos","153","34268","IP - Nueva Malla Vial del Valle del Cauca","Candelaria-Buga","ANI","6","5G001","2505","54","55","250554","250555","0","-76.3160059342999","3.79020911782","-76.3222941277","3.78378807313","1003.74324896999"
"Todos","154","17461",,"Barbosa - Bucaramanga","INVIAS-OTROS","42","0","45A06","125","126","45A06125","45A06126","1","-73.1319589131999","6.55216446729","-73.1366559522","6.55426009312","602.437795360999"
"Todos","155","9749","Ruta del Sol 3","Carmen de Bolívar-Bosconia","ANI","105","3G012","8003","25","26","800325","800326","1","-73.8862987527","9.97306572485","-73.8894799054999","9.97126841222","408.440556734999"
"Todos","156","35100",,,"DEPTO","1099","0","23VL01","1","2","23VL011","23VL012","0","-76.4742187195","3.55423853999","-76.4829536362999","3.5513921039","1025.92294409999"
"Todos","157","38426",,"Pasto-Popayán","INVIAS-OTROS","3","0","2503","41","42","250341","250342","1","-76.9827060597","2.11929435934","-76.9891767536999","2.11022906836","1267.96014609"
"Todos","158","18883",,"El Hatillo - Girardota - Copacabana - Bello - Medellín","DEPTO","1218","0",,"0","0",,,"0","-75.4711881423999","6.38294380549","-75.4794973065999","6.38090771971","953.527734299"
"Todos","159","19208",,"El Hatillo - Girardota - Copacabana - Bello - Medellín","DEPTO","1218","0","6004","0","0","6004","6004","1","-75.5553102893999","6.31850498476","-75.5558316478","6.31287565186","637.631476565999"
"Todos","160","27294",,"Variante Pereira","INVIAS-OTROS","1156","0","29RS01","5","6","29RS015","29RS016","0","-75.7976360146","4.81310756428","-75.7919636295","4.81393959048","638.592729566999"
"Todos","161","6247","Popayán – Santander de Quilichao","Popayán-Santander de Quilichao","ANI","4","4G021","2504","63","64","250463","250464","0","-76.5287997204","2.94325805602","-76.5292419963","2.94139830504","213.964099073"
"Todos","162","30423","IP  –  Ampliación a Tercer Carril Doble Calzada Bogotá - Girardot",,"ANI","2127","4G032","4005","113","114","4005113","4005114","0","-74.2411668585999","4.54880208025","-74.2466350273","4.54196578372","976.634326897"
"Todos","163","19402","Desarrollo Vial del Oriente de Medellín – DEVIMED","Medellín - Santuario","ANI","1212","1G009","6004","11","12","600411","600412","0","-75.4971612636999","6.31483059273","-75.4903911363","6.31842006511","978.185102148"
"Todos","164","37737",,"Pasto-Popayán","INVIAS-OTROS","3","0","25CCB","4","5","25CCB4","25CCB5","0","-76.6355798445","2.46226479644","-76.6395315606","2.45524283623","978.389860691999"
"Todos","165","15680",,"Barbosa - Bucaramanga","INVIAS-OTROS","42","0","45A07","81","82","45A0781","45A0782","1","-73.0556026067","7.01123349003","-73.0546583457","7.00242413356","1018.94388907999"
"Todos","166","9571","Ruta del Sol 3","Bosconia-Valledupar","ANI","106","3G012","8003","26","27","800326","800327","1","-73.8756493655999","9.98298210095999","-73.8822037281999","9.97659739160999","1026.28548784"
"Todos","167","11103",,"Lorica - Chinú","INVIAS-OTROS","1263","0","7801","18","19","780118","780119","0","-75.6528454028999","9.23803684421","-75.6443134595999","9.23440056059","1035.18068938999"
"Todos","168","19400","Desarrollo Vial del Oriente de Medellín – DEVIMED","Medellín - Santuario","ANI","1212","1G009","6004","13","14","600413","600414","0","-75.4899458745999","6.32723753707","-75.4831266573","6.32786896675","1048.0116653"
"Todos","169","34542","IP - Nueva Malla Vial del Valle del Cauca","Candelaria-Buga","ANI","6","5G001","2505","39","40","250539","250540","0","-76.3008494287","3.67571596958","-76.2936952804","3.66980396281","1057.05269227999"
"Todos","170","13604",,"Barranca - Aguachica","INVIAS-OTROS","30","0","4514","2","3","45142","45143","0","-73.4085341341999","7.79785407807","-73.4043328715","7.78928635759","1070.30200164999"
"Todos","171","10484","Córdoba – Sucre","Sincelejo - Carreto","ANI","15","3G006","2515","9","10","25159","251510","1","-75.2870883254","9.32437955312","-75.2913895526999","9.32462393105","479.93651727"
"Todos","172","11001","Córdoba – Sucre","Planeta Rica - Sincelejo","ANI","14","3G006",,"0","0",,,"1","-75.3871950818","9.29166875704","-75.3880644358","9.29098276583","123.907925309"
"Todos","173","27061",,"Variante Pereira","INVIAS-OTROS","1156","0","29RSC","6","7","29RSC6","29RSC7","0","-75.7124113115999","4.82530601826","-75.7201180652999","4.8235368266","992.699628961"
"Todos","174","24147","Autopista Conexión Pacífico 3","Manizales-La Felisa","ANI","156","4G004","2903","37","38","290337","290338","0","-75.6587928271","5.26894448089","-75.6585337821999","5.26014144016","995.549692731"
"Todos","175","35225",,"Palmira - El Palo","INVIAS-OTROS","1052","0","3105","81","82","310581","310582","0","-76.2650555025","3.51093147103","-76.2567558461999","3.50754807244","1000.21698748999"
"Todos","176","27067",,"Variante Pereira","INVIAS-OTROS","1156","0","29RSC","10","11","29RSC10","29RSC11","0","-75.6838424363999","4.83910164313","-75.6918464449999","4.83593125304","1000.64087674999"
"Todos","177","33848",,"Loboguerrero - Buga","INVIAS-OTROS","61","0","4001","116","117","4001116","4001117","0","-76.3337801068","3.89288606236","-76.3249879308","3.89100706801","1001.13299790999"
"Todos","178","36780","Popayán – Santander de Quilichao","Popayán-Santander de Quilichao","ANI","4","4G021","2504","54","55","250454","250455","0","-76.5488158465","2.88732917472","-76.5504725828999","2.87999985792","1001.86799025"
"Todos","179","414","Ruta Caribe","Sincerin - Arjona - Turbaco - Cartagena","ANI","1274","3G008","9005","92","93","900592","900593","1","-75.4209666304","10.3395421712","-75.4130284776999","10.3357170542","1006.49369637999"
"Todos","180","33827","IP - Nueva Malla Vial del Valle del Cauca","Yumbo - Yotoco - Buga","ANI","1100","5G001","2301","51","52","230151","230152","0","-76.3754209102","3.88045253539","-76.3771364212999","3.87167824902","1008.69745941999"
"Todos","181","11000","Córdoba – Sucre","Planeta Rica - Sincelejo","ANI","14","3G006",,"0","0",,,"1","-75.3834371969","9.29463401926999","-75.3843266389999","9.2939321828","126.771062131999"
"Todos","182","34917","IP - Nueva Malla Vial del Valle del Cauca","Candelaria-Buga","ANI","6","5G001","25VLB","0","1","25VLB","25VLB1","0","-76.3374591199","3.53141783398","-76.3376349395","3.52450405019","771.554653128"
"Todos","184","34707","IP - Nueva Malla Vial del Valle del Cauca","Yumbo - Yotoco - Buga","ANI","1100","5G001","2301","12","13","230112","230113","1","-76.4833561364","3.58774464796","-76.4863568034","3.57906299157","1043.01746064999"
"Todos","185","12983",,"Hoyórrico - Caucasia","INVIAS-OTROS","1220","0","2512","61","62","251261","251262","1","-75.2023371017999","7.97930919247","-75.2026948874","7.97458489345","533.809973463999"
"Todos","186","38408",,"Pasto-Popayán","INVIAS-OTROS","3","0","2503","78","79","250378","250379","0","-76.7652205468999","2.25045479334","-76.7681403006999","2.24296471523","1070.06859819"
"Todos","187","15662",,"Piedecuesta-Girón","DEPTO","168","0",,"0","0",,,"1","-73.1695258202999","7.06336892262","-73.1702140342","7.0585504805","549.261140142"
"Todos","188","2024",,"Barbosa - Bucaramanga","INVIAS-OTROS","42","0","45A07","88","89","45A0788","45A0789","1","-73.0898567563999","7.05955062562","-73.0852811716","7.05726865041","574.207030056999"
"Todos","189","2031",,"Barbosa - Bucaramanga","INVIAS-OTROS","42","0","45A07","80","81","45A0780","45A0781","1","-73.0546583457","7.00242413356","-73.0480574181","6.99435050798","1175.10350683"
"Todos","190","6246","Popayán – Santander de Quilichao","Popayán-Santander de Quilichao","ANI","4","4G021","2504","64","65","250464","250465","0","-76.5268380679","2.95893273391","-76.5289927164999","2.9542093348","589.395547312999"
"Todos","191","5706","IP  –  Neiva – Espinal - Girardot","Neiva-Girardot","ANI","27","4G017","4507","1","2","45071","45072","0","-75.0605823525999","3.83660941529","-75.062501892","3.82889540126","894.225310236"
"Todos","192","15677",,"Floridablanca - Giron","INVIAS-OTROS","1598","0","45AST08","0","1","45AST080","45AST081","1","-73.1029762662","7.06355446622","-73.0975502107","7.06358750805","618.718472692999"
"Todos","193","18890",,"El Hatillo - Girardota - Copacabana - Bello - Medellín","DEPTO","1218","0",,"0","0",,,"0","-75.4341296142","6.39867434537","-75.4364498040999","6.39711102786","313.020590953"
"Todos","194","2635","Autopista al Mar 1","Medellín - Santafé de Antioquia","ANI","18","4G024",,"0","0",,,"0","-75.7302373833999","6.42625089909","-75.7284470003999","6.42098077129","628.899275548999"
"Todos","195","33916",,"Citronela-Altos de Zaragoza","INVIAS-OTROS","59","0","4001","18","19","400118","400119","0","-76.939333148","3.87850072429","-76.9312541321999","3.88038719626","975.944321691"
"Todos","196","13734",,"San Alberto - Bucaramanga","INVIAS-OTROS","1232","0","45A08","75","76","45A0875","45A0876","0","-73.3316574713","7.65003277239","-73.3279043426999","7.64302210628","984.057473609999"
"Todos","197","19385","Desarrollo Vial del Oriente de Medellín – DEVIMED","Medellín - Santuario","ANI","1212","1G009","6004","4","5","60044","60045","0","-75.5302608379","6.31730477655","-75.5261057847999","6.323314638","988.552957659999"
"Todos","198","19399","Desarrollo Vial del Oriente de Medellín – DEVIMED","Medellín - Santuario","ANI","1212","1G009","6004","14","15","600414","600415","0","-75.4831266573","6.32786896675","-75.4749743100999","6.32654683367","993.581274356999"
"Todos","199","35718",,,"OTRO","0","0",,"0","0",,,"1","-76.4768739423","3.45038677232","-76.4753934591","3.4505155255","165.905430244999"
"Todos","200","35300","IP - Nueva Malla Vial del Valle del Cauca","Cali - Palmira","ANI","1590","5G001","2505","3","4","25053","25054","0","-76.4512272088999","3.49895749152","-76.4599714417999","3.49691981151","999.580001266999"
"Todos","201","33279","IP Malla Vial del Meta","Villavicencio-Puente Arimena","ANI","73","4G012","4007","1","2","40071","40072","0","-73.5980331891999","4.10632652111","-73.5910474128999","4.100717684","1000.73478049"
"Todos","202","28046","Bogotá (Fontibón) – Faca – Los Alpes","Mosquera - Facatativa - Los Andes","ANI","1151","1G007","50CNG","2","3","50CNG2","50CNG3","1","-74.2585447116999","4.74148438807","-74.2495923678999","4.74072522812","1002.07549874999"
"Todos","203","27304",,"Variante Pereira","INVIAS-OTROS","1156","0","29RS01","6","7","29RS016","29RS017","0","-75.8008579587999","4.81365057552","-75.8090083827","4.8112731857","1008.14405884999"
"Todos","204","6319",,"Palermo-Neiva","DEPTO","150","0",,"0","0",,,"0","-75.4099649254","2.888431232","-75.3957903323999","2.88773432704","1683.72805622"
"Todos","205","14202",,"Barranca - Aguachica","INVIAS-OTROS","30","0","4513","36","37","451336","451337","0","-73.5474256994999","7.39385954156","-73.5497335091999","7.38513370824","1012.83094816"
"Todos","206","12328",,,"INVIAS-OTROS","1249","0","70NS01","6","7","70NS016","70NS017","0","-73.3509535873999","8.32926513412","-73.3555411675999","8.32270306897999","1013.86979545999"
"Todos","207","26296","IP – Accesos Norte a Bogotá","Bogotá - Chía - Cajicá - Zipaquirá - Briseño","ANI","1162","4G033","45A04","17","18","45A0417","45A0418","0","-74.0139541812","4.95335520543","-74.0156342452","4.94437719274","1021.65441310999"
"Todos","208","13740",,"San Alberto - Bucaramanga","INVIAS-OTROS","1232","0","45A08","69","70","45A0869","45A0870","0","-73.3101681506","7.62235946891","-73.3046469238999","7.61921951844","1023.14201974"
"Todos","209","8310","Puerta de Hierro – Palmar de Varela y Carreto – Cruz del Viso","Carreto - Barranquilla","ANI","17","4G018","2516","46","47","251646","251647","1","-74.7609375792","10.64644999","-74.7592108055","10.637561328","1025.21178865999"
"Todos","210","31916","IP  –  Ampliación a Tercer Carril Doble Calzada Bogotá - Girardot","Girardot - Bogotá","ANI","65","4G032","4005","70","71","400570","400571","1","-74.3759181175999","4.35448506615","-74.3801376799","4.35150189264","683.766854443"
"Todos","211","33730",,"Buga- La Victoria","DEPTO","7","0","2505","75","76","250575","250576","0","-76.2672226585","3.95834934879","-76.2731379373999","3.95141481737","1033.66713011"
"Todos","212","35251","IP - Nueva Malla Vial del Valle del Cauca","Cali - Palmira","ANI","1590","5G001","2505","15","16","250515","250516","0","-76.3551057023999","3.52088699308","-76.3459850664","3.52282184849","1038.29738001"
"Todos","213","33894",,"Altos de Zaragoza-Loboguerrero","INVIAS-OTROS","60","0","4001","50","52","400150","400152","0","-76.7594793406999","3.78019832974","-76.7453831506","3.7763044364","1771.37054921999"
"Todos","214","15661",,"Piedecuesta-Girón","DEPTO","168","0",,"0","0",,,"1","-73.1637257422","7.06535753893","-73.1695258202999","7.06336892262","709.81161769"
"Todos","215","1299",,"El Zulia-Cúcuta","INVIAS-OTROS","100","0",,"0","0",,"0","0","-72.5146924499999","7.9508099721","-72.5279476001","7.95183416114","1480.55009537999"
"Todos","216","6666",,,"OTRO","0","0",,"0","0",,,"0","-76.0185832348","1.83963825595","-76.0327141715","1.84701248824","1864.75187157"
"Todos","217","6318",,"Palermo-Neiva","DEPTO","150","0",,"0","0",,,"0","-75.3957903323999","2.88773432704","-75.3784323922999","2.88582846961","2940.54510041999"
"Todos","218","22082",,"Barbosa-Tunja","INVIAS-OTROS","78","0","6209","15","16","620915","620916","0","-73.5413699508","5.84619164652","-73.5343064183","5.84444693852","984.028279464999"
"Todos","219","820","IP – Antioquia – Bolívar","Arboletes-Montería","ANI","101","4G016","7401","63","64","740163","740164","1","-75.8962519916999","8.75416986727","-75.8922709965","8.75140109041","591.900581300999"
"Todos","221","2873",,,"OTRO","0","0",,"0","0",,,"0","-75.4395249215999","6.2411252397","-75.4429337854","6.23467707761","816.206586474"
"Todos","222","36059",,,"OTRO","0","0",,"0","0",,,"1","-76.3446224351999","3.40780648958","-76.3429206287","3.40710432985","205.158011950999"
"Todos","223","35716","IP - Nueva Malla Vial del Valle del Cauca",,"ANI","0","5G001",,"0","0",,,"0","-76.4737953785","3.45052093524","-76.4719552603999","3.45001217137","213.991229578"
"Todos","224","27296",,"Variante Pereira","INVIAS-OTROS","1156","0","29RS01","4","5","29RS014","29RS015","0","-75.7919636295","4.81393959048","-75.784227763","4.81382128614","861.835672763"
"Todos","225","2114",,"Saravena-Arauca","DEPTO","154","0",,"0","0",,,"0","-71.4603648805999","7.00655555933","-71.4469582363999","7.01068959445","1770.53193622999"
"Todos","226","36394",,,"OTRO","0","0",,"0","0",,,"0","-76.5913622048999","3.14554051518","-76.5921779306","3.13117553075","1771.06749289"
"Todos","227","5222","Girardot – Ibagué – Cajamarca","Ibagué- Girardot","ANI","64","3G009","40TLC","15","16","40TLC15","40TLC16","1","-75.1697731816999","4.4103921632","-75.1634526077999","4.40528894174","907.674781032"
"Todos","228","19384","Desarrollo Vial del Oriente de Medellín – DEVIMED","Medellín - Santuario","ANI","1212","1G009","6004","5","6","60045","60046","0","-75.5261057847999","6.323314638","-75.5229078809999","6.32865402581","927.071751103999"
"Todos","229","8684","Ruta del Sol 3","Bosconia-Valledupar","ANI","106","3G012",,"0","0",,,"1","-73.2539236737","10.461668694","-73.2622274239","10.4468236689","1919.06248211"
"Todos","230","38406",,"Pasto-Popayán","INVIAS-OTROS","3","0","2503","80","81","250380","250381","0","-76.7557599433999","2.25790487641","-76.7615680904","2.25363152422","978.554853768"
"Todos","231","15280",,,"DEPTO","1229","0","45AST08","10","11","45AST0810","45AST0811","1","-73.1687504836999","7.09061947065","-73.1696124401999","7.08209336279","984.198962918999"
"Todos","232","40014",,"Tumaco-Pedregal","INVIAS-OTROS","55","0","1001","66","67","100166","100167","0","-78.5218416878","1.39019728456","-78.5132938435999","1.39258221963","988.544810016"
"Todos","233","40923","Rumichaca – Pasto","Ipiales-Pedregal","ANI","2","4G025","2501","43","44","250143","250144","0","-77.4601727990999","1.04555018927","-77.4638742853999","1.0378458836","989.368340052999"
"Todos","234","6044",,,"OTRO","0","0",,"0","0",,,"0","-76.2496725267999","3.41867814431","-76.2560973511999","3.42048924326","743.709691343"
"Todos","235","19404","Desarrollo Vial del Oriente de Medellín – DEVIMED","Medellín - Santuario","ANI","1212","1G009","6004","1","2","60041","60042","0","-75.5483294953999","6.3147762088","-75.5446880877999","6.32215331045","996.173323099999"
"Todos","236","41386",,,"OTRO","0","0",,"0","0",,,"0","-75.4613877973999","5.56139052048","-75.4587362848999","5.55630329986","1249.70770083"
"Todos","237","16183",,"Barbosa - Bucaramanga","INVIAS-OTROS","42","0","45A07","72","73","45A0772","45A0773","0","-73.0247492663","6.9482034107","-73.022116636","6.94038427104","1000.09068082999"
"Todos","238","32448","Girardot – Ibagué – Cajamarca",,"ANI","1110","3G009","4004","30","31","400430","400431","0","-74.9407331679999","4.17984372633","-74.9332872857","4.17485042876","1000.16402897"
"Todos","239","38801",,"Florencia - Guayabal - Altamira","INVIAS-OTROS","1013","0","2003A","6","7","2003A6","2003A7","1","-75.7959794599999","1.9799910761","-75.7973003948","1.97176607727","1002.24220133999"
"Todos","240","13246",,"El Zulia-Cúcuta","INVIAS-OTROS","100","0","7009","59","60","700959","700960","0","-72.5873877508","7.93004759197","-72.5788119531","7.92894640126","1002.98845973"
"Todos","241","31910",,"Buga- La Victoria","DEPTO","7","0","2506","26","27","250626","250627","0","-76.0698936236999","4.3639561812","-76.0693643731","4.35497371629","1004.58895560999"
"Todos","242","17449",,"Barbosa - Bucaramanga","INVIAS-OTROS","42","0","45A07","1","2","45A071","45A072","1","-73.1166179492","6.55699239078","-73.1241599030999","6.55355476115","1006.11052089999"
"Todos","243","19403","Desarrollo Vial del Oriente de Medellín – DEVIMED","Medellín - Santuario","ANI","1212","1G009","6004","10","11","600410","600411","0","-75.5032684900999","6.31411230394","-75.4971612636999","6.31483059273","1010.81409066"
"Todos","244","9750","Ruta del Sol 3","Carmen de Bolívar-Bosconia","ANI","105","3G012","8003","24","25","800324","800325","1","-73.8894799054999","9.97126841222","-73.8973446843999","9.96674646734999","1013.89197101"
"Todos","245","13258",,,"INVIAS-OTROS","172","0","7009A","74","75","7009A74","7009A75","0","-72.5953236996","7.93130450729","-72.5999662937999","7.92665164829","763.101346828"
"Todos","246","37808",,"Pasto-Popayán","INVIAS-OTROS","3","0","25CCB","3","4","25CCB3","25CCB4","0","-76.6395315606","2.45524283623","-76.6347576953999","2.44819217025","1024.44314437999"
"Todos","247","8045","Ruta Caribe","Barranquilla - Malambo - Palmar de Varela","ANI","1296","3G008","2516","70","71","251670","251671","1","-74.7707376885999","10.8525262011","-74.7703916372","10.8435058948","1028.78484503999"
"Todos","248","36094","IP - Nueva Malla Vial del Valle del Cauca",,"ANI","0","5G001",,"0","0",,,"0","-76.3761222328","3.39525610355","-76.3671847593","3.39422642205","1042.508747"
"Todos","249","30778","IP  –  Ampliación a Tercer Carril Doble Calzada Bogotá - Girardot","Girardot - Bogotá","ANI","65","4G032","4005","98","99","400598","400599","0","-74.3356739645","4.52998543202","-74.3445039351999","4.5283702987","1050.76323711999"
"Todos","250","13836","Autopistas al Mar 2","Santafé de Antioquía - Chigorodó","ANI","19","4G026","6202","1","2","62021","62022","1","-76.6760848196","7.66508046451","-76.6698079421999","7.65651178413","1208.72662889"
"Todos","251","9572","Ruta del Sol 3","Bosconia-Valledupar","ANI","106","3G012","8003","25","26","800325","800326","1","-73.8822037281999","9.97659739160999","-73.8862987527","9.97306572485","607.836397527"
"Todos","252","38405",,"Pasto-Popayán","INVIAS-OTROS","3","0","2503","81","82","250381","250382","0","-76.7491262891","2.26057122675","-76.7557599433999","2.25790487641","950.738947345"
"Todos","253","9620",,,"INVIAS-OTROS","1261","0","4901","94","95","490194","490195","1","-73.2446322084999","10.0314876633","-73.2435356808999","10.0288940342","317.891147564999"
"Todos","254","24935",,"Villeta-Honda","INVIAS-OTROS","121","0","5008","17","18","500817","500818","0","-74.650329592","5.16881753017","-74.6514826949999","5.16069668836","957.886184122"
"Todos","255","24126","Autopista Conexión Pacífico 3","Manizales-La Felisa","ANI","156","4G004","50CL02","15","16","50CL0215","50CL0216","0","-75.6394410788","5.2020964704","-75.6455863608999","5.19671049791","977.896984599"
"Todos","256","39669",,"Tumaco-Pedregal","INVIAS-OTROS","55","0","1001","25","26","100125","100126","0","-78.7439616992","1.65573986663","-78.7398648374999","1.64792399806","983.188652478999"
"Todos","257","19382","Desarrollo Vial del Oriente de Medellín – DEVIMED","Medellín - Santuario","ANI","1212","1G009","6004","7","8","60047","60048","0","-75.5151001903","6.32796112575","-75.5090313836","6.32310106481","990.703262365999"
"Todos","258","26048","Bogotá – La Vega – Villeta (BVLPV)","Bogotá - Villeta","ANI","120","1G002","5008","69","70","500869","500870","0","-74.4547124149","5.0387808375","-74.4520336606999","5.04656012036","1002.39567854999"
"Todos","259","16817",,"Puerto Salgar - Barranca","INVIAS-OTROS","29","0","4511","72","73","451172","451173","0","-74.0247272809999","6.57935507061","-74.0315462191999","6.57340897142","1010.90173148999"
"Todos","260","12329",,,"INVIAS-OTROS","1249","0","70NS01","5","6","70NS015","70NS016","0","-73.3555411675999","8.32270306897999","-73.3551380417","8.31375481437999","1010.97210689999"
"Todos","261","16247",,,"INVIAS-OTROS","1226","0","6515","128","129","6515128","6515129","1","-71.8747872651999","6.95820264657","-71.8716170215","6.95275265826","705.97890379"
"Todos","262","3690",,,"OTRO","0","0",,"0","0",,,"0","-75.4742733898","5.39201732564","-75.4822094652","5.40182015688","1831.07564527999"
"Todos","263","6236",,,"OTRO","0","0",,"0","0",,,"0","-75.2719275038","2.98845272932","-75.2805628543","2.98367166175","1105.40234676999"
"Todos","264","192",,"Ciénaga-Santa Marta","DEPTO","118","0",,"0","0",,,"0","-74.1635344549","11.2145446067","-74.1758115588","11.2062448879","1688.66860509"
"Todos","265","34092","IP - Nueva Malla Vial del Valle del Cauca","Candelaria-Buga","ANI","6","5G001","2505","56","57","250556","250557","0","-76.30828309","3.81061254521","-76.3082469086999","3.80657703175","450.826746071"
"Todos","266","22418","Briceño - Tunja - Sogamoso","Duitama-Sogamoso","ANI","79","3G001","5502","47","48","550247","550248","1","-73.0356663504999","5.80527645228","-73.0275503262","5.80711889568","926.937489647999"
"Todos","267","34498","IP - Nueva Malla Vial del Valle del Cauca","Candelaria-Buga","ANI","6","5G001","2505","41","42","250541","250542","1","-76.3109955847999","3.68941066847","-76.3044085338","3.68412115831","951.862886602"
"Todos","268","2039","Autopistas Conexión Norte","Alto de Dolores - Caucasia","ANI","12","4G007",,"0","0",,,"1","-74.7009460290999","7.03009912526","-74.7001273642","7.02279589103","1435.31764317"
"Todos","269","35995","IP - Nueva Malla Vial del Valle del Cauca",,"ANI","0","5G001",,"0","0",,,"0","-76.4524223596","3.41279011391","-76.4443552954","3.41124224927","958.139037411"
"Todos","270","33846",,"Loboguerrero - Buga","INVIAS-OTROS","61","0","4001","118","119","4001118","4001119","1","-76.3161495887","3.89235272922","-76.3119660803999","3.89339597092","480.892139121"
"Todos","271","40021",,"Tumaco-Pedregal","INVIAS-OTROS","55","0","1001","59","60","100159","100160","0","-78.5798330876999","1.40773884167","-78.5722589317","1.40323224217","982.133315208999"
"Todos","272","15538",,,"INVIAS-OTROS","1229","0","45AST08","9","10","45AST089","45AST0810","1","-73.1692585372999","7.08189521131","-73.1640340006999","7.07488778289","1004.39394599"
"Todos","273","9618",,,"INVIAS-OTROS","1261","0","4901","96","97","490196","490197","1","-73.2398583574999","10.0480619576","-73.2437720836","10.0401618141999","1006.95041865999"
"Todos","274","11452",,"Aguachica  - San Roque","INVIAS-OTROS","31","0","4515","42","43","451542","451543","1","-73.6276180559","8.97105332214","-73.624116301","8.96299108276999","1009.36425973999"
"Todos","275","12980","IP – Antioquia – Bolívar","Caucasia-Planeta Rica","ANI","13","4G016","2513","0","1","25130","25131","1","-75.2107830412","7.99649418628","-75.2017023725999","7.99540658855","1020.80541607999"
"Todos","276","35612","IP - Nueva Malla Vial del Valle del Cauca","Candelaria-Buga","ANI","6","5G001","2504A","36","37","2504A36","2504A37","1","-76.3497798605999","3.42479027278","-76.3497785771999","3.41555702937","1056.589044"
"Todos","277","7330",,,"DEPTO","1312","0",,"0","0",,,"0","-74.2305605025999","11.1737553109","-74.2275484632999","11.1644699936999","1107.72946757999"
"Todos","278","11678","Córdoba – Sucre","Montería-La Ye","ANI","89","3G006",,"0","0",,,"0","-75.8329244426","8.83347113134","-75.8361574649999","8.82874127486","643.160508554999"
"Todos","279","33791",,"Buga- La Victoria","DEPTO","7","0","2505","71","72","250571","250572","1","-76.2874448840999","3.9249218262","-76.2926436136","3.92235958708","645.709283902"
"Todos","280","29325",,"Valledupar - Robles","DEPTO","1591","0",,"0","0",,,"0","-74.2670546421","4.58504369666","-74.2618533968","4.58161351433","712.042285623999"
"Todos","281","27297",,"Variante Pereira","INVIAS-OTROS","1156","0","29RSB","0","1","29RSB","29RSB1","0","-75.7976360146","4.81310756428","-75.7917721063","4.81113334412","719.742731098"
"Todos","282","34947","IP - Nueva Malla Vial del Valle del Cauca","Yumbo - Yotoco - Buga","ANI","1100","5G001","2301","10","11","230110","230111","1","-76.4850464459999","3.56939700157","-76.4855643862999","3.5636650447","754.161313479"
"Todos","283","24681","Briceño - Tunja - Sogamoso","Bogotá - Tunja","ANI","37","3G001","5501","73","74","550173","550174","1","-73.5912834951","5.22455351051","-73.592094419","5.21788701154","770.692469095999"
"Todos","284","18887",,"El Hatillo - Girardota - Copacabana - Bello - Medellín","DEPTO","1218","0",,"0","0",,,"0","-75.4139481659999","6.41187770193","-75.4208755085","6.40970881269","809.134636793"
"Todos","285","33838",,"Loboguerrero - Buga","INVIAS-OTROS","61","0","4001","105","106","4001105","4001106","0","-76.4021026149","3.89014222762","-76.4076612426","3.88647525567","811.867367613"
"Todos","286","28055","Bogotá – La Vega – Villeta (BVLPV)",,"ANI","1148","1G002","5008","143","144","5008143","5008144","0","-74.1362975471","4.73924008285","-74.1305663196","4.7327463166","966.469882858"
"Todos","287","8578","Cartagena – Barranquilla – “Circunvalar de la Prosperidad”","Barranquilla - Cartagena","ANI","1596","4G005","90A01","5","6","90A015","90A016","0","-75.4830252183","10.4899660670999","-75.4873914176999","10.48254896","970.399870308999"
"Todos","288","14643",,,"DEPTO","1229","0","45AST08","12","13","45AST0812","45AST0813","1","-73.1625660735","7.10721155462","-73.1661170884","7.09942957643","971.55385821"
"Todos","289","15193",,,"DEPTO","1229","0","6602","68","69","660268","660269","1","-73.1821629177999","7.07521911377","-73.1755998424","7.07181453677","973.593757074999"
"Todos","290","13017","Autopistas Conexión Norte","Alto de Dolores - Caucasia","ANI","12","4G007","2512","61","62","251261","251262","1","-75.2026948874","7.97458489345","-75.1942653331","7.97213596431","1000.53209006999"
"Todos","291","37815",,,"INVIAS-OTROS","1589","0","2001","56","57","200156","200157","0","-76.6472295714","2.45705373463","-76.6529179921","2.46266606871","1000.86043962999"
"Todos","292","19394","Desarrollo Vial del Oriente de Medellín – DEVIMED","Medellín - Santuario","ANI","1212","1G009","6004","19","20","600419","600420","1","-75.4553775058","6.30046760286","-75.4508200517999","6.29300783681","1001.91714136999"
"Todos","293","33794",,"Buga- La Victoria","DEPTO","7","0","2505","68","69","250568","250569","1","-76.3055508531","3.91070955149","-76.3109154243","3.90348760682","1003.04868884999"
"Todos","294","19396","Desarrollo Vial del Oriente de Medellín – DEVIMED","Medellín - Santuario","ANI","1212","1G009","6004","17","18","600417","600418","0","-75.463605368","6.31622459792","-75.4598196809999","6.30824693388","1003.54769068999"
"Todos","295","33793",,"Buga- La Victoria","DEPTO","7","0","2505","69","70","250569","250570","1","-76.3003645697999","3.91808308456","-76.3055508531","3.91070955149","1005.15944945"
"Todos","296","38799",,"Florencia - Guayabal - Altamira","INVIAS-OTROS","1013","0","2003A","8","9","2003A8","2003A9","0","-75.799306344","1.96320797082","-75.8011746087999","1.95437250827","1007.62541999999"
"Todos","297","36779","Popayán – Santander de Quilichao","Popayán-Santander de Quilichao","ANI","4","4G021","2504","55","56","250455","250456","0","-76.5481197289","2.89557832746","-76.5488158465","2.88732917472","1031.50732429999"
"Todos","298","41390","Córdoba – Sucre","Montería-La Ye","ANI","89","3G006",,"0","0",,,"0","-75.84284384","8.81865736465","-75.8472974646","8.81021228452","1079.76430456999"
"Todos","299","2527",,,"DEPTO","1219","0",,"0","0",,,"0","-75.3712958898999","6.42709853418","-75.3828494849","6.42190155316","1666.96750696"
"Vehiculo","1","40741",,"Tumaco-Pedregal","INVIAS-OTROS","55","0","1002","127","128","1002127","1002128","0","-77.4547004152999","1.0541484638","-77.4530735279","1.04986782374","588.749473933999"
"Vehiculo","2","17460",,"Barbosa - Bucaramanga","INVIAS-OTROS","42","0","45A07","0","1","45A07","45A071","1","-73.1241599030999","6.55355476115","-73.1319589131999","6.55216446729","980.655039310999"
"Vehiculo","3","33847",,"Loboguerrero - Buga","INVIAS-OTROS","61","0","4001","117","118","4001117","4001118","1","-76.3249879308","3.89100706801","-76.3161495887","3.89235272922","1012.85571765999"
"Vehiculo","4","14700","Bucaramanga- Barranca-Yondó","Bucaramanga-Barranca-Yondó","ANI","164","4G023","6602","18","19","660218","660219","0","-73.4107323065999","7.10671639695","-73.4146918561","7.10757494703","958.321875545"
"Vehiculo","5","33839",,"Loboguerrero - Buga","INVIAS-OTROS","61","0","4001","104","105","4001104","4001105","0","-76.4076612426","3.88647525567","-76.4163409965999","3.88434781424","1121.47400749"
"Vehiculo","6","14421","Bucaramanga- Pamplona","Bucaramanga - Pamplona","ANI","43","4G030","6603","65","66","660365","660366","0","-72.8526000165999","7.19405113057","-72.8597184555","7.19152772043","1002.11137083"
"Vehiculo","7","21230",,"Puerto Triunfo - Medellín","INVIAS-OTROS","124","0","6005","108","109","6005108","6005109","0","-74.7736701635","5.91360291228","-74.7722584594","5.90567383185","1003.23956584999"
"Vehiculo","8","14201",,"Barranca - Aguachica","INVIAS-OTROS","30","0","4513","37","38","451337","451338","0","-73.5451340268","7.40259070751","-73.5474256994999","7.39385954156","1012.92385035999"
"Vehiculo","9","30808","IP  –  Ampliación a Tercer Carril Doble Calzada Bogotá - Girardot","Girardot - Bogotá","ANI","65","4G032","4005","99","100","400599","4005100","0","-74.32627849","4.53055057506","-74.3356739645","4.52998543202","1095.05244794"
"Vehiculo","10","39967","Santana - Mocoa - Neiva","Mocoa-Pitalito","ANI","24","4G022","4503","48","49","450348","450349","0","-76.4613267961999","1.42743996089","-76.4622068025999","1.43104672323","561.818365833"
"Vehiculo","11","36099","IP - Nueva Malla Vial del Valle del Cauca",,"ANI","0","5G001",,"0","0",,,"0","-76.3671847593","3.39422642205","-76.3540334008999","3.39573253271","1525.01233541"
"Vehiculo","12","13722",,"San Alberto - Bucaramanga","INVIAS-OTROS","1232","0","45A08","87","88","45A0887","45A0888","0","-73.3763734309","7.73447480921","-73.3726278406","7.72664780018","1008.85799761999"
"Vehiculo","13","40813",,"Pasto-Mocoa","INVIAS-OTROS","57","0","1003","123","124","1003123","1003124","0","-76.730985957","1.07635198851","-76.7276824353999","1.07448389527","506.450587761999"
"Vehiculo","14","33858","IP - Nueva Malla Vial del Valle del Cauca","Candelaria-Buga","ANI","6","5G001","2505","63","64","250563","250564","1","-76.3041123325999","3.86908263784","-76.2981244646999","3.86221063666","1025.81885235999"
"Vehiculo","15","34706","IP - Nueva Malla Vial del Valle del Cauca","Yumbo - Yotoco - Buga","ANI","1100","5G001","2301","13","14","230113","230114","1","-76.482824887","3.59669688618","-76.4833561364","3.58774464796","1048.26029192999"
"Vehiculo","16","22274",,"Puerto Salgar - Barranca","INVIAS-OTROS","29","0","4510","52","53","451052","451053","0","-74.6202484513","5.62076109092","-74.6210950483999","5.61189359585","996.480316175999"
"Vehiculo","17","33833",,"Loboguerrero - Buga","INVIAS-OTROS","61","0","4001","110","111","4001110","4001111","0","-76.3730833157","3.89686306718","-76.3812360224","3.89771096266","1002.75210563999"
"Vehiculo","18","40792",,"Pasto-Mocoa","INVIAS-OTROS","57","0","1003","132","133","1003132","1003133","0","-76.7077488144","1.08341503823","-76.7028149467","1.08418916546","810.064710791"
"Vehiculo","19","40343",,"Pasto - La Unión - Mercaderes","INVIAS-OTROS","1012","0","2502","5","6","25025","25026","1","-77.2947130255","1.23803742348","-77.28649368","1.23413064457","1250.27243401999"
"Vehiculo","20","22809",,"Sogamoso-El Crucero","INVIAS-OTROS","80","0","6211","4","5","62114","62115","0","-72.9313908823999","5.68128786358","-72.9315404759999","5.6753426053","912.985663438999"
"Vehiculo","21","31914","IP  –  Ampliación a Tercer Carril Doble Calzada Bogotá - Girardot","Girardot - Bogotá","ANI","65","4G032","4005","72","73","400572","400573","0","-74.3827890919999","4.36613754691","-74.3795919092","4.36125657925","707.473412627"
"Vehiculo","22","22082",,"Barbosa-Tunja","INVIAS-OTROS","78","0","6209","15","16","620915","620916","0","-73.5413699508","5.84619164652","-73.5343064183","5.84444693852","984.028279464999"
"Vehiculo","23","37446","Santana - Mocoa - Neiva","Pitalito-Campoalegre","ANI","25","4G022","4505","53","54","450553","450554","0","-75.505300202","2.53513802649","-75.5118830647","2.53080033642","992.770443707"
"Vehiculo","24","41386",,,"OTRO","0","0",,"0","0",,,"0","-75.4613877973999","5.56139052048","-75.4587362848999","5.55630329986","1249.70770083"
"Vehiculo","25","41783",,"San José del Guaviare - Granada","INVIAS-OTROS","52","0","6508","17","18","650817","650818","0","-73.2345633248999","3.17010876606","-73.2262938333","3.16653651083","1003.01641272999"
"Vehiculo","26","13737",,"San Alberto - Bucaramanga","INVIAS-OTROS","1232","0","45A08","72","73","45A0872","45A0873","0","-73.3193162187999","7.63360677624","-73.3146853748","7.63603877277","1011.91900932999"
"Vehiculo","27","8427","Ruta Caribe","Cartagena-Barranquilla (Cordialidad)","ANI","117","3G008","9006","49","50","900649","900650","1","-75.1396397562999","10.6090888080999","-75.1482900231","10.6118740769","1023.42227476"
"Vehiculo","28","35100",,,"DEPTO","1099","0","23VL01","1","2","23VL011","23VL012","0","-76.4742187195","3.55423853999","-76.4829536362999","3.5513921039","1025.92294409999"
"Vehiculo","29","7089","Santa Marta - Paraguachón","Santa Marta-Maicao-Paraguachón","ANI","119","1G003","9008","42","43","900842","900843","0","-73.8219214729","11.2492240801999","-73.8309740658999","11.2483980094","1031.67326449"
"Vehiculo","30","40340",,"Pasto - La Unión - Mercaderes","INVIAS-OTROS","1012","0","2502","8","9","25028","25029","0","-77.2896987846999","1.25866653727","-77.2948869436","1.25343605621","1061.22077758"
"Vehiculo","31","13071",,"Hoyórrico - Caucasia","INVIAS-OTROS","1220","0","2511","111","112","2511111","2511112","0","-75.3410150229999","7.49919121326","-75.3360470145999","7.49147697045","1067.65118114"
"Vehiculo","32","13078",,"Hoyórrico - Caucasia","INVIAS-OTROS","1220","0","2511","104","105","2511104","2511105","0","-75.3143180067","7.45143062487","-75.3072690419","7.44601751614","1110.95109011999"
"Vehiculo","33","15377",,"Hoyórrico - Caucasia","INVIAS-OTROS","1220","0","2511","0","1","25110","25111","0","-75.4848112692999","6.81484645123","-75.49027709","6.81024815854","838.881878461"
"Vehiculo","34","36042","IP - Nueva Malla Vial del Valle del Cauca",,"ANI","0","5G001",,"0","0",,,"0","-76.4110131107999","3.40882654276","-76.4014897872999","3.4055606136","1121.27863931"
"Vehiculo","35","5707","IP  –  Neiva – Espinal - Girardot","Neiva-Girardot","ANI","27","4G017","4507","0","1","45070","45071","0","-75.062501892","3.82889540126","-75.0633796961","3.81886235234","1124.51493542999"
"Vehiculo","36","34216","IP  –  Neiva – Espinal - Girardot","Neiva-Girardot","ANI","27","4G017","4506","31","32","450631","450632","1","-75.2490318653999","3.21760285083","-75.2545367015","3.212283925","853.606714873999"
"Vehiculo","37","8535","Ruta del Sol 3","Bosconia - Cienaga","ANI","33","3G012","45MGB","5","6","45MGB5","45MGB6","0","-74.1661119577999","10.5832709290999","-74.1649792886999","10.5732528686999","1142.96255530999"
"Vehiculo","38","2705",,,"OTRO","0","0",,"0","0",,,"0","-75.6012334976","6.33094189668","-75.5971849424","6.32810049611","883.004461863999"
"Vehiculo","39","2688",,"Barbosa - Bucaramanga","INVIAS-OTROS","42","0","45A06","76","77","45A0676","45A0677","0","-73.2962195328999","6.28589719489","-73.2991481876999","6.27860245925","893.692067208"
"Vehiculo","40","7288",,,"DEPTO","1312","0",,"0","0",,,"1","-74.2307267722","11.1758507601999","-74.2259168713","11.1823293843999","913.893972996999"
"Vehiculo","41","38405",,"Pasto-Popayán","INVIAS-OTROS","3","0","2503","81","82","250381","250382","0","-76.7491262891","2.26057122675","-76.7557599433999","2.25790487641","950.738947345"
"Vehiculo","42","36733",,,"INVIAS-OTROS","1048","0","26CC03","27","28","26CC0327","26CC0328","1","-76.2735970924999","2.9511893911","-76.2791371697999","2.94491200321","957.172457189"
"Vehiculo","43","24935",,"Villeta-Honda","INVIAS-OTROS","121","0","5008","17","18","500817","500818","0","-74.650329592","5.16881753017","-74.6514826949999","5.16069668836","957.886184122"
"Vehiculo","44","9765","Ruta del Sol 3","Carmen de Bolívar-Bosconia","ANI","105","3G012","8003","17","18","800317","800318","0","-73.9445647402999","9.93934746539999","-73.9520693710999","9.93505728757","965.975169682"
"Vehiculo","45","36776","Popayán – Santander de Quilichao","Popayán-Santander de Quilichao","ANI","4","4G021","2504","58","59","250458","250459","0","-76.5447810768999","2.9173609146","-76.5489081058999","2.91148904958","980.075709918"
"Vehiculo","46","22106",,"Barbosa-Tunja","INVIAS-OTROS","78","0","6209","44","45","620944","620945","0","-73.3733582002","5.71101466345","-73.3706905992","5.70279692054","989.275469538"
"Vehiculo","47","31815","Armenia -Pereira - Manizales","La Paila - Calarcá","ANI","62","1G010","4002","5","6","40025","40026","0","-76.0220349031999","4.35336558833","-76.0305089800999","4.35204887918","991.598406075999"
"Vehiculo","48","35055",,"San Juan de Arama-Granada","INVIAS-OTROS","71","0","65A02","81","82","65A0281","65A0282","0","-73.8415467890999","3.40061299745","-73.8504132115999","3.4000763058","992.361496575"
"Vehiculo","49","26629",,"Mediacanoa-Ansermanuevo-La Virginia","INVIAS-OTROS","160","0","2302","131","132","2302131","2302132","0","-75.9387439598999","4.84076918243","-75.9350166434","4.8328795799","993.160838905999"
"Vehiculo","50","13805","Autopistas al Mar 2","Santafé de Antioquía - Chigorodó","ANI","19","4G026","6202","32","33","620232","620233","0","-76.5374117984","7.43070266938","-76.5335764977999","7.42282609481","993.366360026"
"Vehiculo","51","34680",,,"OTRO","0","0","23VL02-2","4","5","23VL02-24","23VL02-25","0","-76.3960759257","3.63744795428","-76.4048990009","3.63832723451","996.121134984"
"Vehiculo","52","28711","IP  –  Cambao Manizales","Ibagué - Venadillo - Lérida","ANI","1113","4G015","4305","23","24","430523","430524","0","-74.9690645553999","4.53771150452","-74.9741814095","4.53033544471","1008.34635367999"
"Vehiculo","53","20251",,"Puerto Salgar - Barranca","INVIAS-OTROS","29","0","4510","125","126","4510125","4510126","0","-74.5616153285999","6.18449779277","-74.5663137038999","6.17677880773","1010.57340862"
"Vehiculo","54","14974",,"Puerto Salgar - Barranca","INVIAS-OTROS","29","0","4511","129","130","4511129","4511130","0","-73.7018366819","6.96316017449","-73.7052658716","6.95507189706","1011.35723243999"
"Vehiculo","55","32126",,"Buga- La Victoria","DEPTO","7","0","2506","16","17","250616","250617","0","-76.0926496610999","4.28427345612","-76.0984728778","4.2773445747","1014.53001578999"
"Vehiculo","56","13872",,"Barranca - Aguachica","INVIAS-OTROS","30","0","4513","70","71","451370","451371","0","-73.5195391382","7.67541759666","-73.5232917523999","7.66719083047","1015.14622067"
"Vehiculo","57","9751","Ruta del Sol 3","Carmen de Bolívar-Bosconia","ANI","105","3G012","8003","23","24","800323","800324","0","-73.8973446843999","9.96674646734999","-73.9052456380999","9.96226121454","1015.31617001999"
"Vehiculo","58","9509","IP – Antioquia – Bolívar","Lorica-Cruz del Viso","ANI","115","4G016","9005","13","14","900513","900514","0","-75.4453084857999","9.82173796768","-75.4537398761","9.82047329772","1015.56108562999"
"Vehiculo","59","14973",,"Puerto Salgar - Barranca","INVIAS-OTROS","29","0","4511","131","132","4511131","4511132","0","-73.6970569848","6.98032175393","-73.6997642123999","6.97186959771","1016.90441353"
"Vehiculo","60","11021",,"Aguachica  - San Roque","INVIAS-OTROS","31","0","4515","78","79","451578","451579","0","-73.5227081241","9.21376227339","-73.5302562754","9.20865821611","1018.50386433"
"Vehiculo","61","18515",,"Duitama - Pamplona","INVIAS-OTROS","39","0","5503","96","97","550396","550397","0","-72.6847982003999","6.29003345075","-72.6879048903","6.28187929767","1038.29496132999"
"Vehiculo","62","38408",,"Pasto-Popayán","INVIAS-OTROS","3","0","2503","78","79","250378","250379","0","-76.7652205468999","2.25045479334","-76.7681403006999","2.24296471523","1070.06859819"
"Vehiculo","63","34457","IP - Nueva Malla Vial del Valle del Cauca","Yumbo - Yotoco - Buga","ANI","1100","5G001","2301","24","25","230124","230125","0","-76.4406583420999","3.68027484004","-76.4467707374","3.67376755609","1077.69248334999"
"Vehiculo","64","2365","Autopista al Mar 1","Medellín - Santafé de Antioquia","ANI","18","4G024","6203","110","111","6203110","6203111","0","-75.8449918137","6.58650340512","-75.8409571339","6.58352304056","1437.64402358999"
"Vehiculo","65","12",,,"OTRO","0","0",,"0","0",,,"0","-72.9100687064999","11.4138069514","-72.9058925517999","11.395650543","2164.91295554999"
"Vehiculo","66","34455","IP - Nueva Malla Vial del Valle del Cauca","Yumbo - Yotoco - Buga","ANI","1100","5G001","2301","26","27","230126","230127","0","-76.4375685544","3.69212815651","-76.4369653589999","3.68560566261","732.209925807999"
"Vehiculo","67","3690",,,"OTRO","0","0",,"0","0",,,"0","-75.4742733898","5.39201732564","-75.4822094652","5.40182015688","1831.07564527999"
"Vehiculo","68","34146","IP - Nueva Malla Vial del Valle del Cauca","Yumbo - Yotoco - Buga","ANI","1100","5G001","2301","27","28","230127","230128","1","-76.4335221803","3.70044515526","-76.4360009632","3.69716369234","461.483776359999"
"Vehiculo","69","32127",,"Buga- La Victoria","DEPTO","7","0","2506","15","16","250615","250616","0","-76.0984728778","4.2773445747","-76.1023404425999","4.26976027568","950.246130068999"
"Vehiculo","70","17704",,"Barbosa - Bucaramanga","INVIAS-OTROS","42","0","45A06","123","125","45A06123","45A06125","1","-73.1546704301999","6.55284111826","-73.1383845362999","6.55504108935","1921.50371919"
"Vehiculo","71","30806","IP  –  Ampliación a Tercer Carril Doble Calzada Bogotá - Girardot","Girardot - Bogotá","ANI","65","4G032","4005","102","103","4005102","4005103","0","-74.3072993218","4.54018261378","-74.3109810368","4.53301252633","1018.68003261"
"Vehiculo","72","33832",,"Loboguerrero - Buga","INVIAS-OTROS","61","0","4001","111","112","4001111","4001112","0","-76.3697052952999","3.89332875276","-76.3730833157","3.89686306718","544.996357854"
"Vehiculo","73","5858","IP  –  Neiva – Espinal - Girardot","Neiva-Girardot","ANI","27","4G017","4506","34","35","450634","450635","0","-75.2440217261","3.24400780742","-75.2444151163","3.23420608347","1094.20720514"
"Vehiculo","74","420","Ruta del Sol 3","Bosconia-Valledupar","ANI","106","3G012","8003","63","64","800363","800364","0","-73.6173779957999","10.1627440851","-73.629691072","10.1543732759999","1665.83893226999"
"Vehiculo","75","2490",,"Barbosa - Bucaramanga","INVIAS-OTROS","42","0","45A06","100","101","45A06100","45A06101","0","-73.2651127477","6.45677371863","-73.2663145533999","6.44530617548","1697.80628505999"
"Vehiculo","76","2114",,"Saravena-Arauca","DEPTO","154","0",,"0","0",,,"0","-71.4603648805999","7.00655555933","-71.4469582363999","7.01068959445","1770.53193622999"
"Vehiculo","77","40793",,"Pasto-Mocoa","INVIAS-OTROS","57","0","1003","131","132","1003131","1003132","0","-76.7117319663999","1.08499822309","-76.7077488144","1.08341503823","781.87776971"
"Vehiculo","78","3689",,,"OTRO","0","0",,"0","0",,,"0","-75.4744987711","5.39895450676","-75.4742733898","5.39201732564","816.405335646"
"Vehiculo","79","34949","IP - Nueva Malla Vial del Valle del Cauca","Yumbo - Yotoco - Buga","ANI","1100","5G001","2301","9","10","23019","230110","1","-76.4855643862999","3.5636650447","-76.4932966693999","3.56300117076","884.576996056999"
"Vehiculo","80","33840",,"Loboguerrero - Buga","INVIAS-OTROS","61","0","4001","103","104","4001103","4001104","0","-76.4163409965999","3.88434781424","-76.4234551270999","3.8855262386","893.643051356"
"Vehiculo","81","40684","Rumichaca – Pasto","Pedregal-Pasto","ANI","56","4G025","2501","46","47","250146","250147","0","-77.4424634794","1.05390648873","-77.4497085402","1.05529391199","899.152162071"
"Vehiculo","82","36054","IP - Nueva Malla Vial del Valle del Cauca","Santander de Quilichao-Candelaria","ANI","5","5G001","2504A","34","35","2504A34","2504A35","0","-76.3515632022999","3.40584354957","-76.3534895150999","3.39770757216","932.438768599"
"Vehiculo","83","35101",,,"DEPTO","1099","0","23VL01","0","1","23VL010","23VL011","1","-76.4829536362999","3.5513921039","-76.4893293468","3.54576270099","958.010174130999"
"Vehiculo","84","14419","Bucaramanga- Pamplona","Bucaramanga - Pamplona","ANI","43","4G030","6603","67","68","660367","660368","0","-72.8445379277","7.20066840645","-72.8469561449","7.1986496747","978.178026147999"
"Vehiculo","85","38406",,"Pasto-Popayán","INVIAS-OTROS","3","0","2503","80","81","250380","250381","0","-76.7557599433999","2.25790487641","-76.7615680904","2.25363152422","978.554853768"
"Vehiculo","86","33836",,"Loboguerrero - Buga","INVIAS-OTROS","61","0","4001","107","108","4001107","4001108","0","-76.3941861832","3.89114482933","-76.3968561502999","3.8958472659","990.374598116"
"Vehiculo","87","33848",,"Loboguerrero - Buga","INVIAS-OTROS","61","0","4001","116","117","4001116","4001117","0","-76.3337801068","3.89288606236","-76.3249879308","3.89100706801","1001.13299790999"
"Vehiculo","88","33827","IP - Nueva Malla Vial del Valle del Cauca","Yumbo - Yotoco - Buga","ANI","1100","5G001","2301","51","52","230151","230152","0","-76.3754209102","3.88045253539","-76.3771364212999","3.87167824902","1008.69745941999"
"Vehiculo","89","22819",,"Sogamoso-El Crucero","INVIAS-OTROS","80","0","6211","1","2","62111","62112","1","-72.9260910377","5.70286048252","-72.9278177431999","5.69417629319","1011.55057918"
"Vehiculo","90","13740",,"San Alberto - Bucaramanga","INVIAS-OTROS","1232","0","45A08","69","70","45A0869","45A0870","0","-73.3101681506","7.62235946891","-73.3046469238999","7.61921951844","1023.14201974"
"Vehiculo","91","14200",,"Barranca - Aguachica","INVIAS-OTROS","30","0","4513","38","39","451338","451339","0","-73.5431770016","7.41148832773","-73.5451340268","7.40259070751","1025.15825866"
"Vehiculo","92","12392",,"Cúcuta - Puerto Santander","INVIAS-OTROS","1246","0","5507","8","9","55078","55079","0","-72.5023753871","8.01104677062999","-72.502843451","8.00210493376","1030.22108984999"
"Vehiculo","93","36094","IP - Nueva Malla Vial del Valle del Cauca",,"ANI","0","5G001",,"0","0",,,"0","-76.3761222328","3.39525610355","-76.3671847593","3.39422642205","1042.508747"
"Vehiculo","94","30778","IP  –  Ampliación a Tercer Carril Doble Calzada Bogotá - Girardot","Girardot - Bogotá","ANI","65","4G032","4005","98","99","400598","400599","0","-74.3356739645","4.52998543202","-74.3445039351999","4.5283702987","1050.76323711999"
"Vehiculo","95","8536","Ruta del Sol 3","Bosconia - Cienaga","ANI","33","3G012","45MGB","0","1","45MGB0","45MGB1","0","-74.1628513563999","10.5373170017","-74.1618174782","10.5281254439","1050.80772572999"
"Vehiculo","96","22080",,"Barbosa-Tunja","INVIAS-OTROS","78","0","6209","17","18","620917","620918","0","-73.5278145206","5.84443535545","-73.5210519068999","5.84617282234","1080.68689094999"
"Vehiculo","97","6069",,,"OTRO","0","0",,"0","0",,,"0","-76.4132830949999","3.38347187144","-76.4163404704","3.37415239445","1165.90697612999"
"Vehiculo","98","6052","IP - Nueva Malla Vial del Valle del Cauca",,"ANI","0","5G001",,"0","0",,,"0","-76.4334385683","3.41233130032","-76.4219977053","3.41138773663","1278.95628102"
"Vehiculo","99","360","Ruta del Sol 3","Bosconia - Cienaga","ANI","33","3G012","45MGB","3","5","45MGB3","45MGB5","0","-74.1647108302999","10.5704816270999","-74.1634224069999","10.5578783118","1434.6184324"
"Vehiculo","100","2670",,,"DEPTO","1219","0",,"0","0",,,"0","-75.3764076846999","6.41290194382","-75.3880768456999","6.41116897939","1434.70834095999"
